-- --------------------------------------------------------
--
-- Table structure for table `tbl_guestlist`
--

CREATE TABLE IF NOT EXISTS `tbl_guestlist` (
  `id` int(11) NOT NULL AUTO_INCREMENT,
  `title` varchar(250) NOT NULL,
  `description` varchar(250) NOT NULL,
  `user_id` int(11) NOT NULL,
  `project_id` int(11) NOT NULL,
  `is_active` enum('1','0') NOT NULL DEFAULT '1',
  PRIMARY KEY (`id`)
) ENGINE=InnoDB  DEFAULT CHARSET=utf8 AUTO_INCREMENT=8 ;

--
-- Dumping data for table `tbl_guestlist`
--

INSERT INTO `tbl_guestlist` (`id`, `title`, `description`, `user_id`, `project_id`, `is_active`) VALUES
(1, 'List 1', 'list 1 desc', 82, 28, '1'),
(2, 'List 2', 'list 2 desc', 82, 29, '1'),
(3, 'List 3', 'list 3 desc', 82, 30, '1'),
(4, 'אושרי TEST', '', 2, 32, '1'),
(5, 'test', 'test', 1, 31, '1'),
(6, 'mm3', '', 82, 18, '1'),
(7, 'מוזמים', 'בעל', 2, 38, '1');

-- --------------------------------------------------------

--
-- Table structure for table `tbl_guest_allotment`
--

CREATE TABLE IF NOT EXISTS `tbl_guest_allotment` (
  `id` int(11) NOT NULL AUTO_INCREMENT,
  `guestlist_id` int(11) NOT NULL,
  `guest_id` int(11) NOT NULL,
  `table_id` varchar(250) NOT NULL,
  `table_number` int(11) NOT NULL,
  `chair_id` int(11) NOT NULL,
  `project_id` int(11) NOT NULL,
  PRIMARY KEY (`id`)
) ENGINE=InnoDB  DEFAULT CHARSET=utf8 AUTO_INCREMENT=426 ;

--
-- Dumping data for table `tbl_guest_allotment`
--

INSERT INTO `tbl_guest_allotment` (`id`, `guestlist_id`, `guest_id`, `table_id`, `table_number`, `chair_id`, `project_id`) VALUES
(1, 3, 373, 'g_c_7', 1, 99, 30),
(2, 3, 373, 'g_c_7', 1, 100, 30),
(3, 3, 373, 'g_c_7', 1, 101, 30),
(4, 3, 373, 'g_c_7', 1, 102, 30),
(5, 3, 373, 'g_c_7', 1, 103, 30),
(6, 3, 373, 'g_c_7', 1, 104, 30),
(7, 3, 373, 'g_c_7', 1, 105, 30),
(8, 3, 373, 'g_c_7', 1, 106, 30),
(9, 3, 373, 'g_c_7', 1, 107, 30),
(10, 3, 373, 'g_c_7', 1, 108, 30),
(11, 3, 373, 'g_c_7', 1, 109, 30),
(12, 3, 373, 'g_c_7', 1, 110, 30),
(13, 3, 449, 'g_rc_2', 4, 114, 30),
(14, 3, 449, 'g_rc_2', 4, 115, 30),
(15, 3, 449, 'g_rc_2', 4, 116, 30),
(16, 3, 449, 'g_rc_2', 4, 117, 30),
(17, 3, 449, 'g_rc_2', 4, 118, 30),
(18, 3, 449, 'g_rc_2', 4, 119, 30),
(19, 3, 374, 'g_rc_2', 4, 120, 30),
(20, 3, 374, 'g_rc_2', 4, 121, 30),
(21, 3, 374, 'g_rc_2', 4, 122, 30),
(22, 3, 374, 'g_rc_2', 4, 123, 30),
(23, 3, 626, 'g_rc_5', 7, 124, 30),
(24, 3, 626, 'g_rc_5', 7, 125, 30),
(25, 3, 626, 'g_rc_5', 7, 126, 30),
(26, 3, 626, 'g_rc_5', 7, 127, 30),
(27, 3, 626, 'g_rc_5', 7, 128, 30),
(28, 3, 626, 'g_rc_5', 7, 129, 30),
(29, 3, 411, 'g_c_1', 3, 17, 30),
(30, 3, 411, 'g_c_1', 3, 18, 30),
(31, 3, 411, 'g_c_1', 3, 19, 30),
(32, 3, 411, 'g_c_1', 3, 20, 30),
(33, 3, 411, 'g_c_1', 3, 21, 30),
(34, 3, 376, 'g_c_1', 3, 22, 30),
(35, 3, 376, 'g_c_1', 3, 23, 30),
(36, 3, 375, 'g_rc_5', 7, 130, 30),
(37, 3, 375, 'g_rc_5', 7, 131, 30),
(38, 3, 381, 'g_rc_5', 7, 132, 30),
(39, 3, 381, 'g_rc_5', 7, 133, 30),
(40, 3, 378, 'g_c_1', 3, 24, 30),
(41, 3, 378, 'g_c_1', 3, 25, 30),
(42, 3, 568, 'g_c_1', 3, 26, 30),
(43, 3, 568, 'g_c_1', 3, 27, 30),
(44, 3, 568, 'g_c_1', 3, 28, 30),
(45, 3, 568, 'g_c_1', 3, 29, 30),
(46, 3, 568, 'g_c_1', 3, 30, 30),
(48, 3, 510, 'g_c_3', 5, 42, 30),
(49, 3, 510, 'g_c_3', 5, 43, 30),
(50, 3, 510, 'g_c_3', 5, 44, 30),
(51, 3, 510, 'g_c_3', 5, 45, 30),
(52, 3, 566, 'g_c_3', 5, 46, 30),
(53, 3, 566, 'g_c_3', 5, 47, 30),
(54, 3, 566, 'g_c_3', 5, 48, 30),
(55, 3, 566, 'g_c_3', 5, 49, 30),
(56, 3, 614, 'g_c_3', 5, 50, 30),
(57, 3, 614, 'g_c_3', 5, 51, 30),
(58, 3, 614, 'g_c_3', 5, 52, 30),
(59, 3, 614, 'g_c_3', 5, 53, 30),
(60, 3, 648, 'g_sq_4', 6, 57, 30),
(61, 3, 648, 'g_sq_4', 6, 58, 30),
(62, 3, 648, 'g_sq_4', 6, 59, 30),
(63, 3, 648, 'g_sq_4', 6, 60, 30),
(64, 3, 400, 'g_c_7', 1, 111, 30),
(65, 3, 400, 'g_c_7', 1, 112, 30),
(66, 3, 400, 'g_c_7', 1, 113, 30),
(67, 3, 420, 'g_sq_4', 6, 61, 30),
(68, 3, 420, 'g_sq_4', 6, 62, 30),
(69, 3, 420, 'g_sq_4', 6, 63, 30),
(70, 3, 563, 'g_c_3', 5, 54, 30),
(71, 3, 563, 'g_c_3', 5, 55, 30),
(72, 3, 563, 'g_c_3', 5, 56, 30),
(73, 3, 634, 'g_sq_4', 6, 64, 30),
(74, 3, 634, 'g_sq_4', 6, 65, 30),
(75, 3, 634, 'g_sq_4', 6, 66, 30),
(76, 3, 384, 'g_sq_4', 6, 67, 30),
(77, 3, 384, 'g_sq_4', 6, 68, 30),
(78, 3, 385, 'g_sq_4', 6, 69, 30),
(79, 3, 385, 'g_sq_4', 6, 70, 30),
(80, 3, 386, 'g_sq_4', 6, 71, 30),
(81, 3, 386, 'g_sq_4', 6, 72, 30),
(82, 3, 388, 'g_sq_0', 2, 1, 30),
(83, 3, 388, 'g_sq_0', 2, 2, 30),
(84, 3, 392, 'g_sq_0', 2, 3, 30),
(85, 3, 392, 'g_sq_0', 2, 4, 30),
(86, 3, 393, 'g_sq_0', 2, 5, 30),
(87, 3, 393, 'g_sq_0', 2, 6, 30),
(88, 3, 394, 'g_sq_0', 2, 7, 30),
(89, 3, 394, 'g_sq_0', 2, 8, 30),
(90, 3, 395, 'g_sq_0', 2, 9, 30),
(91, 3, 395, 'g_sq_0', 2, 10, 30),
(92, 3, 396, 'g_sq_0', 2, 11, 30),
(93, 3, 396, 'g_sq_0', 2, 12, 30),
(94, 3, 398, 'g_sq_0', 2, 13, 30),
(95, 3, 398, 'g_sq_0', 2, 14, 30),
(96, 3, 399, 'g_sq_0', 2, 15, 30),
(97, 3, 399, 'g_sq_0', 2, 16, 30),
(98, 3, 401, 'g_sq_6', 8, 83, 30),
(99, 3, 401, 'g_sq_6', 8, 84, 30),
(100, 3, 409, 'g_sq_6', 8, 85, 30),
(101, 3, 409, 'g_sq_6', 8, 86, 30),
(102, 3, 410, 'g_sq_6', 8, 87, 30),
(103, 3, 410, 'g_sq_6', 8, 88, 30),
(104, 3, 413, 'g_sq_6', 8, 89, 30),
(105, 3, 413, 'g_sq_6', 8, 90, 30),
(106, 3, 418, 'g_sq_6', 8, 91, 30),
(107, 3, 418, 'g_sq_6', 8, 92, 30),
(108, 3, 423, 'g_sq_6', 8, 93, 30),
(109, 3, 423, 'g_sq_6', 8, 94, 30),
(110, 3, 424, 'g_sq_6', 8, 95, 30),
(111, 3, 424, 'g_sq_6', 8, 96, 30),
(112, 3, 426, 'g_sq_6', 8, 97, 30),
(113, 3, 426, 'g_sq_6', 8, 98, 30),
(114, 3, 377, 'g_c_1', 3, 31, 30),
(156, 1, 26, 'g_c_42', 43, 113, 29),
(157, 1, 26, 'g_c_42', 43, 114, 29),
(158, 1, 26, 'g_c_42', 43, 115, 29),
(164, 1, 28, 'g_c_42', 43, 116, 29),
(165, 1, 28, 'g_c_42', 43, 117, 29),
(166, 1, 28, 'g_c_42', 43, 118, 29),
(167, 1, 28, 'g_c_42', 43, 119, 29),
(168, 1, 28, 'g_c_42', 43, 120, 29),
(169, 1, 29, 'g_c_42', 43, 121, 29),
(170, 1, 29, 'g_c_42', 43, 122, 29),
(171, 1, 29, 'g_c_42', 43, 123, 29),
(188, 9, 725, 'g_rc_28', 5, 87, 29),
(189, 9, 725, 'g_rc_28', 5, 88, 29),
(190, 9, 725, 'g_rc_28', 5, 89, 29),
(191, 9, 725, 'g_rc_28', 5, 90, 29),
(192, 9, 725, 'g_rc_28', 5, 91, 29),
(193, 9, 725, 'g_rc_28', 5, 92, 29),
(206, 9, 650, 'g_sq_19', 1, 13, 29),
(207, 9, 650, 'g_sq_19', 1, 14, 29),
(208, 9, 650, 'g_sq_19', 1, 15, 29),
(209, 9, 650, 'g_sq_19', 1, 16, 29),
(210, 9, 660, 'g_rc_28', 5, 93, 29),
(211, 9, 660, 'g_rc_28', 5, 94, 29),
(212, 9, 902, 'g_rc_27', 9, 77, 29),
(213, 9, 902, 'g_rc_27', 9, 78, 29),
(214, 9, 902, 'g_rc_27', 9, 79, 29),
(215, 9, 902, 'g_rc_27', 9, 80, 29),
(216, 9, 902, 'g_rc_27', 9, 81, 29),
(217, 9, 902, 'g_rc_27', 9, 82, 29),
(218, 9, 844, 'g_c_42', 43, 113, 29),
(219, 9, 844, 'g_c_42', 43, 114, 29),
(220, 9, 844, 'g_c_42', 43, 115, 29),
(221, 9, 844, 'g_c_42', 43, 116, 29),
(222, 9, 844, 'g_c_42', 43, 117, 29),
(223, 9, 687, 'g_c_42', 43, 118, 29),
(224, 9, 687, 'g_c_42', 43, 119, 29),
(225, 9, 687, 'g_c_42', 43, 120, 29),
(226, 9, 687, 'g_c_42', 43, 121, 29),
(227, 9, 687, 'g_c_42', 43, 122, 29),
(228, 9, 786, 'g_c_42', 43, 123, 29),
(229, 9, 786, 'g_c_42', 43, 124, 29),
(230, 9, 786, 'g_c_42', 43, 125, 29),
(231, 9, 786, 'g_c_42', 43, 126, 29),
(232, 9, 653, 'g_c_42', 43, 127, 29),
(300, 4, 1054, 'g_c_5', 6, 82, 32),
(301, 4, 1054, 'g_c_5', 6, 83, 32),
(302, 4, 1183, 'g_c_8', 9, 112, 32),
(303, 4, 1183, 'g_c_8', 9, 113, 32),
(310, 4, 1004, 'g_c_8', 9, 114, 32),
(311, 4, 1118, 'g_c_3', 4, 52, 32),
(312, 4, 1118, 'g_c_3', 4, 53, 32),
(313, 4, 1118, 'g_c_3', 4, 54, 32),
(314, 4, 1118, 'g_c_3', 4, 55, 32),
(315, 4, 1118, 'g_c_3', 4, 56, 32),
(316, 4, 961, 'g_c_9', 10, 130, 32),
(317, 4, 961, 'g_c_9', 10, 131, 32),
(318, 4, 961, 'g_c_9', 10, 132, 32),
(319, 4, 961, 'g_c_9', 10, 133, 32),
(320, 4, 961, 'g_c_9', 10, 134, 32),
(321, 4, 1170, 'g_c_9', 10, 135, 32),
(322, 4, 1138, 'g_c_8', 9, 115, 32),
(323, 4, 1072, 'g_c_8', 9, 116, 32),
(324, 4, 1088, 'g_c_8', 9, 117, 32),
(325, 4, 1128, 'g_c_8', 9, 118, 32),
(326, 4, 1064, 'g_c_8', 9, 119, 32),
(327, 4, 1064, 'g_c_8', 9, 120, 32),
(328, 4, 1113, 'g_c_8', 9, 121, 32),
(329, 4, 1113, 'g_c_8', 9, 122, 32),
(330, 4, 1113, 'g_c_8', 9, 123, 32),
(331, 4, 1060, 'g_c_7', 8, 100, 32),
(332, 4, 1060, 'g_c_7', 8, 101, 32),
(333, 4, 1060, 'g_c_7', 8, 102, 32),
(334, 4, 1060, 'g_c_7', 8, 103, 32),
(335, 4, 1116, 'g_c_5', 6, 84, 32),
(336, 4, 1116, 'g_c_5', 6, 85, 32),
(337, 4, 1116, 'g_c_5', 6, 86, 32),
(338, 4, 1116, 'g_c_5', 6, 87, 32),
(339, 4, 1164, 'g_c_7', 8, 104, 32),
(340, 4, 1164, 'g_c_7', 8, 105, 32),
(341, 4, 1164, 'g_c_7', 8, 106, 32),
(342, 4, 1164, 'g_c_7', 8, 107, 32),
(343, 4, 924, 'g_c_7', 8, 108, 32),
(344, 4, 924, 'g_c_7', 8, 109, 32),
(345, 4, 924, 'g_c_7', 8, 110, 32),
(346, 4, 924, 'g_c_7', 8, 111, 32),
(347, 4, 1198, 'g_c_1', 2, 28, 32),
(348, 4, 1198, 'g_c_1', 2, 29, 32),
(349, 4, 1198, 'g_c_1', 2, 30, 32),
(350, 4, 1198, 'g_c_1', 2, 31, 32),
(351, 4, 1184, 'g_c_1', 2, 32, 32),
(352, 4, 1184, 'g_c_1', 2, 33, 32),
(353, 4, 1184, 'g_c_1', 2, 34, 32),
(354, 4, 970, 'g_c_1', 2, 35, 32),
(355, 4, 970, 'g_c_1', 2, 36, 32),
(356, 4, 970, 'g_c_1', 2, 37, 32),
(357, 4, 1030, 'g_c_1', 2, 38, 32),
(358, 4, 1030, 'g_c_1', 2, 39, 32),
(359, 4, 950, 'g_c_6', 7, 88, 32),
(360, 4, 950, 'g_c_6', 7, 89, 32),
(361, 4, 950, 'g_c_6', 7, 90, 32),
(362, 4, 1024, 'g_c_6', 7, 91, 32),
(363, 4, 1024, 'g_c_6', 7, 92, 32),
(364, 4, 1028, 'g_c_6', 7, 93, 32),
(365, 4, 1028, 'g_c_6', 7, 94, 32),
(366, 4, 1036, 'g_c_6', 7, 95, 32),
(367, 4, 1036, 'g_c_6', 7, 96, 32),
(368, 4, 1039, 'g_c_0', 1, 16, 32),
(369, 4, 1039, 'g_c_0', 1, 17, 32),
(370, 4, 1035, 'g_c_0', 1, 18, 32),
(371, 4, 1035, 'g_c_0', 1, 19, 32),
(372, 4, 1041, 'g_c_0', 1, 20, 32),
(373, 4, 1041, 'g_c_0', 1, 21, 32),
(374, 4, 1046, 'g_c_3', 4, 57, 32),
(375, 4, 1046, 'g_c_3', 4, 58, 32),
(376, 4, 1044, 'g_c_3', 4, 59, 32),
(377, 4, 1044, 'g_c_3', 4, 60, 32),
(378, 4, 1063, 'g_c_3', 4, 61, 32),
(379, 4, 1063, 'g_c_3', 4, 62, 32),
(380, 4, 1040, 'g_c_3', 4, 63, 32),
(381, 4, 1081, 'g_c_0', 1, 22, 32),
(382, 4, 1081, 'g_c_0', 1, 23, 32),
(383, 4, 1053, 'g_c_0', 1, 24, 32),
(384, 4, 1053, 'g_c_0', 1, 25, 32),
(385, 4, 1056, 'g_c_0', 1, 26, 32),
(386, 4, 1056, 'g_c_0', 1, 27, 32),
(387, 4, 1050, 'g_c_4', 5, 64, 32),
(388, 4, 1050, 'g_c_4', 5, 65, 32),
(389, 4, 1048, 'g_c_4', 5, 66, 32),
(390, 4, 1048, 'g_c_4', 5, 67, 32),
(391, 4, 1065, 'g_c_4', 5, 68, 32),
(392, 4, 1065, 'g_c_4', 5, 69, 32),
(393, 4, 1062, 'g_c_4', 5, 70, 32),
(394, 4, 1062, 'g_c_4', 5, 71, 32),
(395, 4, 1069, 'g_c_4', 5, 72, 32),
(396, 4, 1069, 'g_c_4', 5, 73, 32),
(397, 4, 1071, 'g_c_4', 5, 74, 32),
(398, 4, 1071, 'g_c_4', 5, 75, 32),
(399, 4, 1042, 'g_c_10', 11, 136, 32),
(400, 4, 1042, 'g_c_10', 11, 137, 32),
(401, 4, 1066, 'g_c_2', 3, 40, 32),
(402, 4, 1066, 'g_c_2', 3, 41, 32),
(403, 4, 1077, 'g_sq_11', 12, 164, 32),
(404, 4, 1077, 'g_sq_11', 12, 165, 32),
(405, 4, 1074, 'g_sq_12', 13, 188, 32),
(406, 4, 1074, 'g_sq_12', 13, 189, 32),
(407, 4, 1133, 'g_c_10', 11, 138, 32),
(408, 4, 1133, 'g_c_10', 11, 139, 32),
(409, 4, 1089, 'g_c_10', 11, 140, 32),
(410, 4, 1089, 'g_c_10', 11, 141, 32),
(411, 4, 1073, 'g_sq_12', 13, 190, 32),
(412, 4, 1073, 'g_sq_12', 13, 191, 32);

-- --------------------------------------------------------

--
-- Table structure for table `tbl_listdata`
--

CREATE TABLE IF NOT EXISTS `tbl_listdata` (
  `id` int(11) NOT NULL AUTO_INCREMENT,
  `guestlist_id` int(11) NOT NULL,
  `guest_firstname` varchar(250) NOT NULL,
  `guest_lastname` varchar(250) NOT NULL,
  `guest_side` varchar(250) NOT NULL,
  `child_count` int(11) NOT NULL DEFAULT '0',
  `adult_count` int(11) NOT NULL DEFAULT '1',
  `guest_team` varchar(250) NOT NULL,
  `guest_mobile` varchar(250) NOT NULL,
  `guest_specialsign` varchar(250) NOT NULL,
  PRIMARY KEY (`id`)
) ENGINE=InnoDB  DEFAULT CHARSET=utf8 AUTO_INCREMENT=1751 ;

--
-- Dumping data for table `tbl_listdata`
--

INSERT INTO `tbl_listdata` (`id`, `guestlist_id`, `guest_firstname`, `guest_lastname`, `guest_side`, `child_count`, `adult_count`, `guest_team`, `guest_mobile`, `guest_specialsign`) VALUES
(26, 1, 'Guest 1', 'surname', '', 2, 1, 'dasdas', '11111', 'Y'),
(27, 1, 'Guest 2', 'surname', '', 3, 2, 'asds', '111545411', 'N'),
(28, 1, 'Guest 3', 'surname', '', 2, 3, 'dsfd', '111343511', 'R'),
(29, 1, 'Guest 4', 'surname', '', 2, 1, 'ERUIT', '32444534', 'E'),
(30, 1, 'Guest 5', 'surname', '', 3, 1, 'ERUIT1', '11166411', 'T'),
(95, 2, 'asdfrg', '', '', 0, 1, '', '4yh56', ''),
(96, 2, '345ty4heth', '', '', 0, 1, '', 'gdb', ''),
(97, 2, 'הדס', 'אוחנה', '', 4, 8, 'יוסי', '0050420111', 'V'),
(98, 2, 'אמנון', '', '', 2, 2, 'אפק', '0547717567', ''),
(99, 2, 'אברהם', 'אלפסי', '', 0, 2, 'אפק', '0528423185', ''),
(100, 2, 'עמר', '', '', 0, 2, 'אפק', '0526070722', ''),
(101, 2, 'כוכי', '', '', 0, 1, 'אפק', '0506440669', ''),
(102, 2, 'חגית', '', '', 0, 2, 'אפק', '0546677253', ''),
(103, 2, 'מיכאל', '', '', 0, 1, 'אפק', '0537717100', ''),
(104, 2, 'ימנה', '', '', 0, 1, 'אפק', '0522672786', ''),
(105, 2, 'לימור', 'אוחנה', '', 0, 2, 'אפק', '0577445826', ''),
(106, 2, 'עופרה', '', '', 0, 1, 'אפק', '0522880119', ''),
(107, 2, 'מרי', '', '', 0, 1, 'אפק', '0545946017', ''),
(108, 2, 'נתנאל', '', '', 0, 2, 'אפק', '0504300465', ''),
(109, 2, 'רונית', '', '', 0, 2, 'אפק', '0544894423', ''),
(110, 2, 'ריקי', '', '', 0, 2, 'אפק', '0509499002', ''),
(111, 2, 'דבורה', '', '', 0, 1, 'אפק', '0506433256', ''),
(112, 2, 'אבי', '', '', 0, 2, 'אפק', '0542828090', ''),
(113, 2, 'שונטל', '', '', 0, 1, 'אפק', '0508233338', ''),
(114, 2, 'עופר', '', '', 0, 1, 'אפק', '0542828099', ''),
(115, 2, 'עזרה', '', '', 0, 1, 'אפק', '0543331112', ''),
(116, 2, 'אבי', '', '', 0, 2, 'אפק', '0548099735', ''),
(117, 2, 'מוריה', '', '', 0, 2, 'אפק', '0503069349', ''),
(118, 2, 'יוחאי', '', '', 0, 2, 'אפק', '0504229930', ''),
(119, 2, 'מאיר', '', '', 0, 2, 'אפק', '0508278172', ''),
(120, 2, 'מירים', '', '', 0, 2, 'אפק', '0546765239', ''),
(121, 2, 'מיטל', '', '', 0, 1, 'אפק', '0524751299', ''),
(122, 2, 'שרלי', '', '', 0, 2, 'אפק', '0507558226', ''),
(123, 2, 'שמעון', '', '', 0, 2, 'אפק', '0505224999', ''),
(124, 2, 'מלי', '', '', 0, 3, 'אפק', '0526333460', ''),
(125, 2, 'יוסי', '', '', 0, 2, 'ענבל', '0527906573', ''),
(126, 2, 'דוד', '', '', 0, 1, 'ענבל', '0528463595', ''),
(127, 2, 'שרף', '', '', 0, 1, 'ענבל', '0503133100', ''),
(128, 2, 'מאיר', '', '', 0, 1, 'ענבל', '0528992669', ''),
(129, 2, 'אליעזר', '', '', 0, 1, 'אפק', '0546866640', ''),
(130, 2, 'עוזי', '', '', 0, 1, 'ענבל', '0572454779', ''),
(131, 2, 'משה', '', '', 0, 1, 'אפק', '0544803098', ''),
(132, 2, 'אביבה', 'אוחנה', '', 0, 1, 'ענבל', '0524356811', ''),
(133, 2, 'שמעון', 'עסור', '', 0, 2, 'אפק', '0504913456', ''),
(134, 2, 'חנן', 'עסור', '', 0, 2, 'ענבל', '0529288470', ''),
(135, 2, 'בוחבוט', 'ושאול', '', 0, 5, 'ענבל', '0505336106', ''),
(136, 2, 'מאור', '', '', 0, 1, 'ענבל', '0506970828', ''),
(137, 2, 'רעות', 'סוויסה', '', 0, 2, 'ענבל', '0526944752', ''),
(138, 2, 'שולמית', '', '', 0, 1, 'ענבל', '0508290594', ''),
(139, 2, 'אתי', 'בוחבוט', '', 0, 1, 'ענבל', '0522886841', ''),
(140, 2, 'רבקה', '', '', 0, 2, 'ענבל', '0525249794', ''),
(141, 2, 'מוטי', '', '', 0, 1, 'אפק', '0546857822', ''),
(142, 2, 'עליזה', 'אוחנה', '', 0, 2, 'ענבל', '0543316230', ''),
(143, 2, 'רבקה', '', '', 0, 1, 'ענבל', '0522672786', ''),
(144, 2, 'רפי', '', '', 1, 2, 'אפק', '0545209006', ''),
(145, 2, 'בני', '', '', 0, 2, 'ענבל', '0503530304', ''),
(146, 2, 'עליזה', '', '', 0, 1, 'אפק', '0504717962', ''),
(147, 2, 'שמעון', 'טמסוט', '', 0, 2, 'אפק', '0544911335', ''),
(148, 2, 'מרים', 'כהן', '', 0, 2, 'ענבל', '0506986546', ''),
(149, 2, 'אתי', '', '', 0, 1, 'ענבל', '0547343762', ''),
(150, 2, 'אורי', 'אוחנה', '', 0, 2, 'ענבל', '0524419766', ''),
(151, 2, 'תומר', 'אוחנה', '', 0, 2, 'ענבל', '0575555992', ''),
(152, 2, 'שלום', '', '', 0, 1, 'ענבל', '0503373555', ''),
(153, 2, 'אורי', '', '', 0, 1, 'ענבל', '0526704450', ''),
(154, 2, 'מסעוד', '', '', 0, 1, 'ענבל', '0549485732', ''),
(155, 2, 'חנה', 'אוחנה', '', 0, 2, 'ענבל', '0509009195', ''),
(156, 2, 'יפה', 'סעדון', '', 0, 2, 'ענבל', '0525414101', ''),
(157, 2, 'פלורה', '', '', 0, 1, 'ענבל', '0525585946', ''),
(158, 2, 'יוסי', 'כהן', '', 0, 2, 'ענבל', '0525985777', ''),
(159, 2, 'לינדה', '', '', 0, 1, 'ענבל', '0502950306', ''),
(160, 2, 'צליל', '', '', 0, 2, 'ענבל', '0549983604', ''),
(161, 2, 'אפרת', 'של', '', 0, 1, 'ענבל', '0528105081', ''),
(162, 2, 'דוברת', '', '', 0, 2, 'ענבל', '0503420009', ''),
(163, 2, 'תמר', 'טמסוט', '', 0, 2, 'ענבל', '0547599553', ''),
(164, 2, 'דהן', '', '', 0, 2, 'אפק', '0509975766', ''),
(165, 2, 'איריס', '', '', 0, 1, 'ענבל', '0502319690', ''),
(166, 2, 'חדד', '', '', 0, 2, 'ענבל', '0525278266', ''),
(167, 2, 'יהודה', '', '', 0, 2, 'ענבל', '0542259959', ''),
(168, 2, 'סבג', '', '', 0, 1, 'ענבל', '0578266771', ''),
(169, 2, 'אבי', '', '', 0, 1, 'אפק', '0528818225', ''),
(170, 2, 'יפה', '', '', 0, 1, 'ענבל', '0506359183', ''),
(171, 2, 'עינב', '', '', 0, 1, 'ענבל', '0523937717', ''),
(172, 2, 'רחל', '', '', 0, 1, 'ענבל', '0523826096', ''),
(173, 2, 'סוזי', '', '', 0, 6, 'ענבל', '0506440553', ''),
(174, 2, 'נטלי', 'אבקסיס', '', 0, 2, 'ענבל', '0504222313', ''),
(175, 2, 'עדן', 'עמר', '', 0, 2, 'אפק', '0547728839', ''),
(176, 2, 'יוליה', 'ויניב', '', 0, 2, 'ענבל', '0527363283', ''),
(177, 2, 'איציק', 'ועקנין', '', 0, 2, 'ענבל', '0505206279', ''),
(178, 2, 'אלבז', 'וג''קלין', '', 0, 1, 'ענבל', '0524891428', ''),
(179, 2, 'שני', 'כהן', '', 0, 2, 'ענבל', '0507865299', ''),
(180, 2, 'ישראל', '', '', 0, 2, 'ענבל', '0547703034', ''),
(181, 2, 'שלמה', 'אלפסי', '', 0, 1, 'אפק', '0525689787', ''),
(182, 2, 'דבורה', '', '', 0, 2, 'אפק', '0527247707', ''),
(183, 2, 'חנינה', '', '', 0, 2, 'ענבל', '0559712134', ''),
(184, 2, 'סמי', '', '', 0, 2, 'ענבל', '0507263101', ''),
(185, 2, 'שירן', '', '', 0, 1, 'ענבל', '0507790328', ''),
(186, 2, 'אורלי', 'זקן', '', 0, 1, 'ענבל', '0508923417', ''),
(187, 2, 'משה', 'אלימלך', '', 0, 2, 'ענבל', '0507866602', ''),
(188, 2, 'אברהם', '', '', 0, 2, 'ענבל', '0524490443', ''),
(189, 2, 'יהודית', '', '', 0, 2, 'ענבל', '0508822973', ''),
(190, 2, 'יוסי', '', '', 0, 2, 'ענבל', '0526080434', ''),
(191, 2, 'חיים', '', '', 0, 2, 'ענבל', '0542031367', ''),
(192, 2, 'ספיר', 'רביבו', '', 0, 2, 'ענבל', '0547993222', ''),
(193, 2, 'ציון', '', '', 0, 1, 'ענבל', '0528089756', ''),
(194, 2, 'סלעית', '', '', 0, 1, 'ענבל', '0526492152', ''),
(195, 2, 'יפה', 'מלכה', '', 0, 2, 'ענבל', '0528978983', ''),
(196, 2, 'סופי', '', '', 0, 2, 'ענבל', '0509032388', ''),
(197, 2, 'יקיר', 'ונועה', '', 0, 2, 'ענבל', '0508376972', ''),
(198, 2, 'אורטל', 'אוחנה', '', 0, 2, 'ענבל', '0577445825', ''),
(199, 2, 'בת', 'תורג''מן', '', 0, 1, 'אפק', '0527985752', ''),
(200, 2, 'קובי', '', '', 0, 1, 'ענבל', '0504408007', ''),
(201, 2, 'אחינועם', '', '', 0, 1, 'אפק', '0509919639', ''),
(202, 2, 'ג''קלין', '', '', 0, 2, 'ענבל', '0547043835', ''),
(203, 2, 'שולה', '', '', 0, 1, 'ענבל', '0528060303', ''),
(204, 2, 'דליה', '', '', 0, 2, 'ענבל', '0544887444', ''),
(205, 2, 'שולמית', '', '', 0, 1, 'אפק', '0545311059', ''),
(206, 2, 'חן', '', '', 0, 1, 'ענבל', '0523051022', ''),
(207, 2, 'רויטל', '', '', 0, 1, 'ענבל', '0503062283', ''),
(208, 2, 'נוי', '', '', 0, 1, 'ענבל', '0547280258', ''),
(209, 2, 'זהבה', '', '', 0, 2, 'ענבל', '0507880309', ''),
(210, 2, 'גלעד', 'אברג''יל', '', 0, 2, 'ענבל', '0546450528', ''),
(211, 2, 'זהבה', 'כהן', '', 0, 1, 'ענבל', '0577351993', ''),
(212, 2, 'לילך', '', '', 0, 1, 'אפק', '0504411580', ''),
(213, 2, 'עדנה', '', '', 0, 2, 'ענבל', '0542384104', ''),
(214, 2, 'יהוד', '', '', 0, 1, 'ענבל', '0546101916', ''),
(215, 2, 'אבי', '', '', 0, 2, 'אפק', '0505233163', ''),
(216, 2, 'קובי', '', '', 0, 2, 'ענבל', '0572206596', ''),
(217, 2, 'ענת', '', '', 0, 1, 'ענבל', '0527707128', ''),
(218, 2, 'דפנה', '', '', 0, 2, 'ענבל', '0505728928', ''),
(219, 2, 'אריאל', 'בוחבוט', '', 0, 1, 'ענבל', '0524643455', ''),
(220, 2, 'אילן', '', '', 0, 2, 'ענבל', '0529259882', ''),
(221, 2, 'מיכל', '', '', 0, 1, 'ענבל', '0508487982', ''),
(222, 2, 'אוחנה', '', '', 0, 2, 'ענבל', '0546755141', ''),
(223, 2, 'אסתר', 'נעים', '', 0, 1, 'אפק', '0546509493', ''),
(224, 2, 'גלית', 'של', '', 0, 2, 'ענבל', '0525477741', ''),
(225, 2, 'נאוה', 'אבידן', '', 0, 1, 'ענבל', '0525446731', ''),
(226, 2, 'דודי', 'נעים', '', 0, 1, 'ענבל', '0522677907', ''),
(227, 2, 'יגאל', 'פרץ', '', 0, 2, 'ענבל', '0524454816', ''),
(228, 2, 'יגאל', '', '', 0, 2, 'ענבל', '0525847775', ''),
(229, 2, 'דינה', 'עסור', '', 0, 1, 'אפק', '0502685080', ''),
(230, 2, 'יובל', '', '', 0, 2, 'ענבל', '0506298889', ''),
(231, 2, 'דנית', '', '', 0, 1, 'ענבל', '0523940530', ''),
(232, 2, 'בלהה', 'ממן', '', 0, 1, 'ענבל', '0545778490', ''),
(233, 2, 'קרולין', '', '', 0, 1, 'ענבל', '0507683019', ''),
(234, 2, 'שלום', 'בוחבוט', '', 0, 4, 'ענבל', '0506205193', ''),
(235, 2, 'שי', '', '', 0, 1, 'ענבל', '0523413074', ''),
(236, 2, 'לוי', '', '', 0, 2, 'ענבל', '0504898445', ''),
(237, 2, 'שירה', '', '', 0, 2, 'ענבל', '0528270784', ''),
(238, 2, 'נתי', '', '', 0, 2, 'ענבל', '0502139998', ''),
(239, 2, 'רועי', '', '', 0, 2, 'ענבל', '0546263444', ''),
(240, 2, 'אבי', '', '', 0, 2, 'ענבל', '0502536869', ''),
(241, 2, 'אסנת', '', '', 0, 1, 'ענבל', '0508160801', ''),
(242, 2, 'ישראל', '', '', 0, 1, 'ענבל', '0538250320', ''),
(243, 2, 'גבי', 'אברג''יל', '', 0, 2, 'ענבל', '0505636104', ''),
(244, 2, 'אליאנה', '', '', 0, 1, 'ענבל', '0508926262', ''),
(245, 2, 'ניר', '', '', 0, 2, 'ענבל', '0506449555', ''),
(246, 2, 'דוד', 'בוחבוט', '', 0, 1, 'ענבל', '0526176794', ''),
(247, 2, 'זהבית', 'פרץ', '', 0, 2, 'ענבל', '0526526035', ''),
(248, 2, 'עודד', '', '', 0, 2, 'ענבל', '0542828100', ''),
(249, 2, 'וישניה', '', '', 0, 1, 'ענבל', '0547670838', ''),
(250, 2, 'אריה', '', '', 0, 1, 'ענבל', '0522600027', ''),
(251, 2, 'אבנר', '', '', 0, 2, 'ענבל', '0577438780', ''),
(252, 2, 'סנדרוסי', '', '', 0, 2, 'ענבל', '0542828029', ''),
(253, 2, 'ארנסט', '', '', 0, 1, 'ענבל', '0542828092', ''),
(254, 2, 'טל', '', '', 0, 1, 'ענבל', '0526633414', ''),
(255, 2, 'שמחה', '', '', 0, 2, 'ענבל', '0542828089', ''),
(256, 2, 'אילן', '', '', 0, 2, 'ענבל', '0505775533', ''),
(257, 2, 'אפרים', '', '', 0, 1, 'ענבל', '0542828086', ''),
(258, 2, 'דני', '', '', 0, 1, 'ענבל', '0542828101', ''),
(259, 2, 'שמעון', '', '', 0, 1, 'אפק', '0542828618', ''),
(260, 2, 'רמי', '', '', 0, 1, 'ענבל', '0542828588', ''),
(261, 2, 'שמואל', '', '', 0, 1, 'ענבל', '0542828109', ''),
(262, 2, 'אבי', '', '', 0, 1, 'ענבל', '0542828556', ''),
(263, 2, 'אורנה', '', '', 0, 2, 'ענבל', '0542828504', ''),
(264, 2, 'שלמה', '', '', 0, 1, 'אפק', '0542828088', ''),
(265, 2, 'יעקב', '', '', 0, 1, 'ענבל', '0542828525', ''),
(266, 2, 'צופנת', '', '', 0, 1, 'ענבל', '0506578756', ''),
(267, 2, 'נופר', '', '', 0, 2, 'ענבל', '0503338508', ''),
(268, 2, 'תמי', '', '', 0, 2, 'ענבל', '0549393023', ''),
(269, 2, 'לינוי', '', '', 0, 1, 'ענבל', '0543416141', ''),
(270, 2, 'דגנית', '', '', 0, 1, 'ענבל', '0502444863', ''),
(271, 2, 'רינת', '', '', 0, 1, 'ענבל', '0506404546', ''),
(272, 2, 'יעלה', '', '', 0, 1, 'ענבל', '0587878729', ''),
(273, 2, 'אורפז', '', '', 0, 2, 'ענבל', '0527809750', ''),
(274, 2, 'ניב', '', '', 0, 1, 'ענבל', '0522766099', ''),
(275, 2, 'מעיין', '', '', 0, 1, 'ענבל', '0527280440', ''),
(276, 2, 'אנאל', '', '', 0, 1, 'אפק', '0525207858', ''),
(277, 2, 'שמעון', '', '', 0, 2, 'ענבל', '0509080856', ''),
(278, 2, 'שירן', '', '', 0, 1, 'ענבל', '0528429870', ''),
(279, 2, 'ירון', '', '', 0, 1, 'אפק', '0549144552', ''),
(280, 2, 'רויטל', '', '', 0, 2, 'אפק', '0549497990', ''),
(281, 2, 'רחלי', '', '', 0, 1, 'אפק', '0546666251', ''),
(282, 2, 'תמיר', '', '', 0, 1, 'אפק', '0525343404', ''),
(283, 2, 'מוטי', '', '', 0, 2, 'אפק', '0505237243', ''),
(284, 2, 'מאור', '', '', 0, 2, 'אפק', '0507818464', ''),
(285, 2, 'שני', '', '', 0, 1, 'אפק', '0504420012', ''),
(286, 2, 'גיא', '', '', 0, 2, 'אפק', '0504420011', ''),
(287, 2, 'אילנה', '', '', 0, 3, 'אפק', '0528855444', ''),
(288, 2, 'קובי', '', '', 0, 1, 'אפק', '0528665433', ''),
(289, 2, 'יגאל', '', '', 0, 2, 'אפק', '0507432642', ''),
(290, 2, 'רוחה', '', '', 2, 2, 'אפק', '0547556990', ''),
(291, 2, 'סופי', '', '', 0, 2, 'אפק', '0545200812', ''),
(292, 2, 'סימונה', '', '', 0, 5, 'אפק', '0508549785', ''),
(293, 2, 'אילן', '', '', 0, 1, 'אפק', '0548184828', ''),
(294, 2, 'שוש', '', '', 0, 1, 'אפק', '0502233778', ''),
(295, 2, 'אדמוב', '', '', 0, 1, 'אפק', '0508312029', ''),
(296, 2, 'סוניה', '', '', 0, 1, 'אפק', '0526130808', ''),
(297, 2, 'יהודה', '', '', 0, 1, 'אפק', '0528606012', ''),
(298, 2, 'לאה', '', '', 0, 2, 'אפק', '0506992465', ''),
(299, 2, 'ציון', '', '', 0, 2, 'אפק', '0506831306', ''),
(300, 2, 'מרים', '', '', 0, 2, 'אפק', '0526365604', ''),
(301, 2, 'אנגלה', '', '', 0, 2, 'אפק', '0507990880', ''),
(302, 2, 'אלכס', '', '', 0, 1, 'אפק', '0502550224', ''),
(303, 2, 'איתי', '', '', 0, 2, 'אפק', '0508721216', ''),
(304, 2, 'עליזה', '', '', 0, 2, 'אפק', '0543517899', ''),
(305, 2, 'יאיר', '', '', 0, 2, 'אפק', '0506667272', ''),
(306, 2, 'אושרי', '', '', 0, 2, 'אפק', '0504300427', ''),
(307, 2, 'אילנית', '', '', 0, 2, 'אפק', '0542458033', ''),
(308, 2, 'אילן', '', '', 0, 2, 'אפק', '0524285805', ''),
(309, 2, 'שניר', '', '', 0, 2, 'אפק', '0542507721', ''),
(310, 2, 'דינה', '', '', 0, 2, 'אפק', '0532869873', ''),
(311, 2, 'רוחה', '', '', 0, 1, 'אפק', '0526469707', ''),
(312, 2, 'אבי', '', '', 0, 1, 'אפק', '0526175113', ''),
(313, 2, 'רונן', '', '', 0, 2, 'אפק', '0542888525', ''),
(314, 2, 'יוסי', '', '', 0, 1, 'אפק', '0507890864', ''),
(315, 2, 'אהובה', '', '', 0, 1, 'אפק', '0575786718', ''),
(316, 2, 'אלי', '', '', 0, 1, 'אפק', '0547750494', ''),
(317, 2, 'גלית', '', '', 0, 1, 'אפק', '0537220286', ''),
(318, 2, 'נטלי', '', '', 0, 1, 'אפק', '0502666278', ''),
(319, 2, 'יגאל', '', '', 0, 1, 'אפק', '0522883828', ''),
(320, 2, 'סמדי', '', '', 0, 1, 'אפק', '0505795895', ''),
(321, 2, 'רחל', '', '', 0, 1, 'אפק', '0527869687', ''),
(322, 2, 'אליז', '', '', 0, 2, 'אפק', '0505716286', ''),
(323, 2, 'בת חן', '', '', 0, 1, 'אפק', '0507904883', ''),
(324, 2, 'מושיקו', '', '', 0, 1, 'אפק', '0508558777', ''),
(325, 2, 'מרסל', '', '', 0, 2, 'אפק', '0506210828', ''),
(326, 2, 'שרון', '', '', 0, 2, 'אפק', '0502471901', ''),
(327, 2, 'ששון', '', '', 0, 2, 'אפק', '0574293330', ''),
(328, 2, 'ליזט', '', '', 0, 2, 'אפק', '0577610075', ''),
(329, 2, 'ענת', '', '', 0, 1, 'אפק', '0509887580', ''),
(330, 2, 'לירון', '', '', 0, 2, 'אפק', '0509727765', ''),
(331, 2, 'אופיר', '', '', 0, 2, 'אפק', '0526789330', ''),
(332, 2, 'סטלה', '', '', 0, 2, 'אפק', '0548342922', ''),
(333, 2, 'מירב', '', '', 0, 2, 'אפק', '0507996008', ''),
(334, 2, 'לימור', '', '', 0, 2, 'אפק', '0573555558', ''),
(335, 2, 'אתי', '', '', 0, 1, 'אפק', '0509298922', ''),
(336, 2, 'נפתלי', '', '', 0, 2, 'אפק', '0504544947', ''),
(337, 2, 'אהרון', '', '', 0, 2, 'אפק', '0547531555', ''),
(338, 2, 'דיויד', '', '', 2, 2, 'אפק', '0528499198', ''),
(339, 2, 'שלומי', '', '', 0, 1, 'אפק', '0509010962', ''),
(340, 2, 'ג''קו', '', '', 0, 2, 'אפק', '0575271952', ''),
(341, 2, 'דיויד', '', '', 0, 2, 'אפק', '0523921492', ''),
(342, 2, 'איתמר', '', '', 0, 1, 'אפק', '0542828600', ''),
(343, 2, 'מושיק', '', '', 0, 1, 'אפק', '0542828111', ''),
(344, 2, 'אריה', '', '', 0, 1, 'אפק', '0542828103', ''),
(345, 2, 'ניר', '', '', 0, 1, 'אפק', '0542828116', ''),
(346, 2, 'סיני', '', '', 0, 1, 'אפק', '0504404211', ''),
(347, 2, 'יעקב', '', '', 0, 1, 'אפק', '0506660784', ''),
(348, 2, 'דיויד', '', '', 0, 2, 'אפק', '0524467302', ''),
(349, 2, 'חיים', '', '', 0, 2, 'אפק', '0508740074', ''),
(350, 2, 'פנחס', '', '', 0, 6, 'אפק', '0544339017', ''),
(351, 2, 'צחי', '', '', 0, 1, 'אפק', '0508858736', ''),
(352, 2, 'רוני', '', '', 0, 2, 'אפק', '0547889171', ''),
(353, 2, 'מוטי', '', '', 0, 2, 'אפק', '0528467695', ''),
(354, 2, 'אתי', '', '', 0, 1, 'אפק', '0523215795', ''),
(355, 2, 'אושרי', '', '', 0, 1, 'אפק', '0547596611', ''),
(356, 2, 'נתי', '', '', 0, 2, 'אפק', '0509960620', ''),
(357, 2, 'מור', '', '', 0, 2, 'אפק', '0507800417', ''),
(358, 2, 'פרח', '', '', 0, 3, 'אפק', '0523443466', ''),
(359, 2, 'אהובה', '', '', 0, 1, 'אפק', '0504888854', ''),
(360, 2, 'נוי', '', '', 0, 1, 'אפק', '0505779616', ''),
(361, 2, 'לינוי', '', '', 0, 1, 'אפק', '0542608535', ''),
(362, 2, 'ספיר', '', '', 0, 2, 'אפק', '0504000752', ''),
(363, 2, 'חן', '', '', 0, 1, 'אפק', '0524469699', ''),
(364, 2, 'סוזן', '', '', 0, 1, 'אפק', '0545418036', ''),
(365, 2, 'שני', '', '', 0, 1, 'אפק', '0508321551', ''),
(366, 2, 'שושנה', '', '', 0, 1, 'אפק', '0524714882', ''),
(367, 2, 'יניב', '', '', 0, 2, 'אפק', '0505712100', ''),
(368, 2, 'יואל', '', '', 0, 2, 'אפק', '0502013401', ''),
(369, 2, 'מור', '', '', 0, 2, 'אפק', '0547437486', ''),
(370, 2, 'אוריין', '', '', 0, 2, 'אפק', '0547717568', ''),
(371, 2, 'נחום', '', '', 0, 1, 'אפק', '0545415162', ''),
(372, 2, 'צוקית', '', '', 0, 4, 'אפק', '0522407232', ''),
(373, 3, 'הדס', 'אוחנה', '', 4, 8, 'יוסי', '0050420111', 'V'),
(374, 3, 'אמנון', '', '', 2, 2, 'אפק', '0547717567', ''),
(375, 3, 'אברהם', 'אלפסי', '', 0, 2, 'אפק', '0528423185', ''),
(376, 3, 'עמר', '', '', 0, 2, 'אפק', '0526070722', ''),
(377, 3, 'כוכי', '', '', 0, 1, 'אפק', '0506440669', ''),
(378, 3, 'חגית', '', '', 0, 2, 'אפק', '0546677253', ''),
(379, 3, 'מיכאל', '', '', 0, 1, 'אפק', '0537717100', ''),
(380, 3, 'ימנה', '', '', 0, 1, 'אפק', '0522672786', ''),
(381, 3, 'לימור', 'אוחנה', '', 0, 2, 'אפק', '0577445826', ''),
(382, 3, 'עופרה', '', '', 0, 1, 'אפק', '0522880119', ''),
(383, 3, 'מרי', '', '', 0, 1, 'אפק', '0545946017', ''),
(384, 3, 'נתנאל', '', '', 0, 2, 'אפק', '0504300465', ''),
(385, 3, 'רונית', '', '', 0, 2, 'אפק', '0544894423', ''),
(386, 3, 'ריקי', '', '', 0, 2, 'אפק', '0509499002', ''),
(387, 3, 'דבורה', '', '', 0, 1, 'אפק', '0506433256', ''),
(388, 3, 'אבי', '', '', 0, 2, 'אפק', '0542828090', ''),
(389, 3, 'שונטל', '', '', 0, 1, 'אפק', '0508233338', ''),
(390, 3, 'עופר', '', '', 0, 1, 'אפק', '0542828099', ''),
(391, 3, 'עזרה', '', '', 0, 1, 'אפק', '0543331112', ''),
(392, 3, 'אבי', '', '', 0, 2, 'אפק', '0548099735', ''),
(393, 3, 'מוריה', '', '', 0, 2, 'אפק', '0503069349', ''),
(394, 3, 'יוחאי', '', '', 0, 2, 'אפק', '0504229930', ''),
(395, 3, 'מאיר', '', '', 0, 2, 'אפק', '0508278172', ''),
(396, 3, 'מירים', '', '', 0, 2, 'אפק', '0546765239', ''),
(397, 3, 'מיטל', '', '', 0, 1, 'אפק', '0524751299', ''),
(398, 3, 'שרלי', '', '', 0, 2, 'אפק', '0507558226', ''),
(399, 3, 'שמעון', '', '', 0, 2, 'אפק', '0505224999', ''),
(400, 3, 'מלי', '', '', 0, 3, 'אפק', '0526333460', ''),
(401, 3, 'יוסי', '', '', 0, 2, 'ענבל', '0527906573', ''),
(402, 3, 'דוד', '', '', 0, 1, 'ענבל', '0528463595', ''),
(403, 3, 'שרף', '', '', 0, 1, 'ענבל', '0503133100', ''),
(404, 3, 'מאיר', '', '', 0, 1, 'ענבל', '0528992669', ''),
(405, 3, 'אליעזר', '', '', 0, 1, 'אפק', '0546866640', ''),
(406, 3, 'עוזי', '', '', 0, 1, 'ענבל', '0572454779', ''),
(407, 3, 'משה', '', '', 0, 1, 'אפק', '0544803098', ''),
(408, 3, 'אביבה', 'אוחנה', '', 0, 1, 'ענבל', '0524356811', ''),
(409, 3, 'שמעון', 'עסור', '', 0, 2, 'אפק', '0504913456', ''),
(410, 3, 'חנן', 'עסור', '', 0, 2, 'ענבל', '0529288470', ''),
(411, 3, 'בוחבוט', 'ושאול', '', 0, 5, 'ענבל', '0505336106', ''),
(412, 3, 'מאור', '', '', 0, 1, 'ענבל', '0506970828', ''),
(413, 3, 'רעות', 'סוויסה', '', 0, 2, 'ענבל', '0526944752', ''),
(414, 3, 'שולמית', '', '', 0, 1, 'ענבל', '0508290594', ''),
(415, 3, 'אתי', 'בוחבוט', '', 0, 1, 'ענבל', '0522886841', ''),
(416, 3, 'רבקה', '', '', 0, 2, 'ענבל', '0525249794', ''),
(417, 3, 'מוטי', '', '', 0, 1, 'אפק', '0546857822', ''),
(418, 3, 'עליזה', 'אוחנה', '', 0, 2, 'ענבל', '0543316230', ''),
(419, 3, 'רבקה', '', '', 0, 1, 'ענבל', '0522672786', ''),
(420, 3, 'רפי', '', '', 1, 2, 'אפק', '0545209006', ''),
(421, 3, 'בני', '', '', 0, 2, 'ענבל', '0503530304', ''),
(422, 3, 'עליזה', '', '', 0, 1, 'אפק', '0504717962', ''),
(423, 3, 'שמעון', 'טמסוט', '', 0, 2, 'אפק', '0544911335', ''),
(424, 3, 'מרים', 'כהן', '', 0, 2, 'ענבל', '0506986546', ''),
(425, 3, 'אתי', '', '', 0, 1, 'ענבל', '0547343762', ''),
(426, 3, 'אורי', 'אוחנה', '', 0, 2, 'ענבל', '0524419766', ''),
(427, 3, 'תומר', 'אוחנה', '', 0, 2, 'ענבל', '0575555992', ''),
(428, 3, 'שלום', '', '', 0, 1, 'ענבל', '0503373555', ''),
(429, 3, 'אורי', '', '', 0, 1, 'ענבל', '0526704450', ''),
(430, 3, 'מסעוד', '', '', 0, 1, 'ענבל', '0549485732', ''),
(431, 3, 'חנה', 'אוחנה', '', 0, 2, 'ענבל', '0509009195', ''),
(432, 3, 'יפה', 'סעדון', '', 0, 2, 'ענבל', '0525414101', ''),
(433, 3, 'פלורה', '', '', 0, 1, 'ענבל', '0525585946', ''),
(434, 3, 'יוסי', 'כהן', '', 0, 2, 'ענבל', '0525985777', ''),
(435, 3, 'לינדה', '', '', 0, 1, 'ענבל', '0502950306', ''),
(436, 3, 'צליל', '', '', 0, 2, 'ענבל', '0549983604', ''),
(437, 3, 'אפרת', 'של', '', 0, 1, 'ענבל', '0528105081', ''),
(438, 3, 'דוברת', '', '', 0, 2, 'ענבל', '0503420009', ''),
(439, 3, 'תמר', 'טמסוט', '', 0, 2, 'ענבל', '0547599553', ''),
(440, 3, 'דהן', '', '', 0, 2, 'אפק', '0509975766', ''),
(441, 3, 'איריס', '', '', 0, 1, 'ענבל', '0502319690', ''),
(442, 3, 'חדד', '', '', 0, 2, 'ענבל', '0525278266', ''),
(443, 3, 'יהודה', '', '', 0, 2, 'ענבל', '0542259959', ''),
(444, 3, 'סבג', '', '', 0, 1, 'ענבל', '0578266771', ''),
(445, 3, 'אבי', '', '', 0, 1, 'אפק', '0528818225', ''),
(446, 3, 'יפה', '', '', 0, 1, 'ענבל', '0506359183', ''),
(447, 3, 'עינב', '', '', 0, 1, 'ענבל', '0523937717', ''),
(448, 3, 'רחל', '', '', 0, 1, 'ענבל', '0523826096', ''),
(449, 3, 'סוזי', '', '', 0, 6, 'ענבל', '0506440553', ''),
(450, 3, 'נטלי', 'אבקסיס', '', 0, 2, 'ענבל', '0504222313', ''),
(451, 3, 'עדן', 'עמר', '', 0, 2, 'אפק', '0547728839', ''),
(452, 3, 'יוליה', 'ויניב', '', 0, 2, 'ענבל', '0527363283', ''),
(453, 3, 'איציק', 'ועקנין', '', 0, 2, 'ענבל', '0505206279', ''),
(454, 3, 'אלבז', 'וג''קלין', '', 0, 1, 'ענבל', '0524891428', ''),
(455, 3, 'שני', 'כהן', '', 0, 2, 'ענבל', '0507865299', ''),
(456, 3, 'ישראל', '', '', 0, 2, 'ענבל', '0547703034', ''),
(457, 3, 'שלמה', 'אלפסי', '', 0, 1, 'אפק', '0525689787', ''),
(458, 3, 'דבורה', '', '', 0, 2, 'אפק', '0527247707', ''),
(459, 3, 'חנינה', '', '', 0, 2, 'ענבל', '0559712134', ''),
(460, 3, 'סמי', '', '', 0, 2, 'ענבל', '0507263101', ''),
(461, 3, 'שירן', '', '', 0, 1, 'ענבל', '0507790328', ''),
(462, 3, 'אורלי', 'זקן', '', 0, 1, 'ענבל', '0508923417', ''),
(463, 3, 'משה', 'אלימלך', '', 0, 2, 'ענבל', '0507866602', ''),
(464, 3, 'אברהם', '', '', 0, 2, 'ענבל', '0524490443', ''),
(465, 3, 'יהודית', '', '', 0, 2, 'ענבל', '0508822973', ''),
(466, 3, 'יוסי', '', '', 0, 2, 'ענבל', '0526080434', ''),
(467, 3, 'חיים', '', '', 0, 2, 'ענבל', '0542031367', ''),
(468, 3, 'ספיר', 'רביבו', '', 0, 2, 'ענבל', '0547993222', ''),
(469, 3, 'ציון', '', '', 0, 1, 'ענבל', '0528089756', ''),
(470, 3, 'סלעית', '', '', 0, 1, 'ענבל', '0526492152', ''),
(471, 3, 'יפה', 'מלכה', '', 0, 2, 'ענבל', '0528978983', ''),
(472, 3, 'סופי', '', '', 0, 2, 'ענבל', '0509032388', ''),
(473, 3, 'יקיר', 'ונועה', '', 0, 2, 'ענבל', '0508376972', ''),
(474, 3, 'אורטל', 'אוחנה', '', 0, 2, 'ענבל', '0577445825', ''),
(475, 3, 'בת', 'תורג''מן', '', 0, 1, 'אפק', '0527985752', ''),
(476, 3, 'קובי', '', '', 0, 1, 'ענבל', '0504408007', ''),
(477, 3, 'אחינועם', '', '', 0, 1, 'אפק', '0509919639', ''),
(478, 3, 'ג''קלין', '', '', 0, 2, 'ענבל', '0547043835', ''),
(479, 3, 'שולה', '', '', 0, 1, 'ענבל', '0528060303', ''),
(480, 3, 'דליה', '', '', 0, 2, 'ענבל', '0544887444', ''),
(481, 3, 'שולמית', '', '', 0, 1, 'אפק', '0545311059', ''),
(482, 3, 'חן', '', '', 0, 1, 'ענבל', '0523051022', ''),
(483, 3, 'רויטל', '', '', 0, 1, 'ענבל', '0503062283', ''),
(484, 3, 'נוי', '', '', 0, 1, 'ענבל', '0547280258', ''),
(485, 3, 'זהבה', '', '', 0, 2, 'ענבל', '0507880309', ''),
(486, 3, 'גלעד', 'אברג''יל', '', 0, 2, 'ענבל', '0546450528', ''),
(487, 3, 'זהבה', 'כהן', '', 0, 1, 'ענבל', '0577351993', ''),
(488, 3, 'לילך', '', '', 0, 1, 'אפק', '0504411580', ''),
(489, 3, 'עדנה', '', '', 0, 2, 'ענבל', '0542384104', ''),
(490, 3, 'יהוד', '', '', 0, 1, 'ענבל', '0546101916', ''),
(491, 3, 'אבי', '', '', 0, 2, 'אפק', '0505233163', ''),
(492, 3, 'קובי', '', '', 0, 2, 'ענבל', '0572206596', ''),
(493, 3, 'ענת', '', '', 0, 1, 'ענבל', '0527707128', ''),
(494, 3, 'דפנה', '', '', 0, 2, 'ענבל', '0505728928', ''),
(495, 3, 'אריאל', 'בוחבוט', '', 0, 1, 'ענבל', '0524643455', ''),
(496, 3, 'אילן', '', '', 0, 2, 'ענבל', '0529259882', ''),
(497, 3, 'מיכל', '', '', 0, 1, 'ענבל', '0508487982', ''),
(498, 3, 'אוחנה', '', '', 0, 2, 'ענבל', '0546755141', ''),
(499, 3, 'אסתר', 'נעים', '', 0, 1, 'אפק', '0546509493', ''),
(500, 3, 'גלית', 'של', '', 0, 2, 'ענבל', '0525477741', ''),
(501, 3, 'נאוה', 'אבידן', '', 0, 1, 'ענבל', '0525446731', ''),
(502, 3, 'דודי', 'נעים', '', 0, 1, 'ענבל', '0522677907', ''),
(503, 3, 'יגאל', 'פרץ', '', 0, 2, 'ענבל', '0524454816', ''),
(504, 3, 'יגאל', '', '', 0, 2, 'ענבל', '0525847775', ''),
(505, 3, 'דינה', 'עסור', '', 0, 1, 'אפק', '0502685080', ''),
(506, 3, 'יובל', '', '', 0, 2, 'ענבל', '0506298889', ''),
(507, 3, 'דנית', '', '', 0, 1, 'ענבל', '0523940530', ''),
(508, 3, 'בלהה', 'ממן', '', 0, 1, 'ענבל', '0545778490', ''),
(509, 3, 'קרולין', '', '', 0, 1, 'ענבל', '0507683019', ''),
(510, 3, 'שלום', 'בוחבוט', '', 0, 4, 'ענבל', '0506205193', ''),
(511, 3, 'שי', '', '', 0, 1, 'ענבל', '0523413074', ''),
(512, 3, 'לוי', '', '', 0, 2, 'ענבל', '0504898445', ''),
(513, 3, 'שירה', '', '', 0, 2, 'ענבל', '0528270784', ''),
(514, 3, 'נתי', '', '', 0, 2, 'ענבל', '0502139998', ''),
(515, 3, 'רועי', '', '', 0, 2, 'ענבל', '0546263444', ''),
(516, 3, 'אבי', '', '', 0, 2, 'ענבל', '0502536869', ''),
(517, 3, 'אסנת', '', '', 0, 1, 'ענבל', '0508160801', ''),
(518, 3, 'ישראל', '', '', 0, 1, 'ענבל', '0538250320', ''),
(519, 3, 'גבי', 'אברג''יל', '', 0, 2, 'ענבל', '0505636104', ''),
(520, 3, 'אליאנה', '', '', 0, 1, 'ענבל', '0508926262', ''),
(521, 3, 'ניר', '', '', 0, 2, 'ענבל', '0506449555', ''),
(522, 3, 'דוד', 'בוחבוט', '', 0, 1, 'ענבל', '0526176794', ''),
(523, 3, 'זהבית', 'פרץ', '', 0, 2, 'ענבל', '0526526035', ''),
(524, 3, 'עודד', '', '', 0, 2, 'ענבל', '0542828100', ''),
(525, 3, 'וישניה', '', '', 0, 1, 'ענבל', '0547670838', ''),
(526, 3, 'אריה', '', '', 0, 1, 'ענבל', '0522600027', ''),
(527, 3, 'אבנר', '', '', 0, 2, 'ענבל', '0577438780', ''),
(528, 3, 'סנדרוסי', '', '', 0, 2, 'ענבל', '0542828029', ''),
(529, 3, 'ארנסט', '', '', 0, 1, 'ענבל', '0542828092', ''),
(530, 3, 'טל', '', '', 0, 1, 'ענבל', '0526633414', ''),
(531, 3, 'שמחה', '', '', 0, 2, 'ענבל', '0542828089', ''),
(532, 3, 'אילן', '', '', 0, 2, 'ענבל', '0505775533', ''),
(533, 3, 'אפרים', '', '', 0, 1, 'ענבל', '0542828086', ''),
(534, 3, 'דני', '', '', 0, 1, 'ענבל', '0542828101', ''),
(535, 3, 'שמעון', '', '', 0, 1, 'אפק', '0542828618', ''),
(536, 3, 'רמי', '', '', 0, 1, 'ענבל', '0542828588', ''),
(537, 3, 'שמואל', '', '', 0, 1, 'ענבל', '0542828109', ''),
(538, 3, 'אבי', '', '', 0, 1, 'ענבל', '0542828556', ''),
(539, 3, 'אורנה', '', '', 0, 2, 'ענבל', '0542828504', ''),
(540, 3, 'שלמה', '', '', 0, 1, 'אפק', '0542828088', ''),
(541, 3, 'יעקב', '', '', 0, 1, 'ענבל', '0542828525', ''),
(542, 3, 'צופנת', '', '', 0, 1, 'ענבל', '0506578756', ''),
(543, 3, 'נופר', '', '', 0, 2, 'ענבל', '0503338508', ''),
(544, 3, 'תמי', '', '', 0, 2, 'ענבל', '0549393023', ''),
(545, 3, 'לינוי', '', '', 0, 1, 'ענבל', '0543416141', ''),
(546, 3, 'דגנית', '', '', 0, 1, 'ענבל', '0502444863', ''),
(547, 3, 'רינת', '', '', 0, 1, 'ענבל', '0506404546', ''),
(548, 3, 'יעלה', '', '', 0, 1, 'ענבל', '0587878729', ''),
(549, 3, 'אורפז', '', '', 0, 2, 'ענבל', '0527809750', ''),
(550, 3, 'ניב', '', '', 0, 1, 'ענבל', '0522766099', ''),
(551, 3, 'מעיין', '', '', 0, 1, 'ענבל', '0527280440', ''),
(552, 3, 'אנאל', '', '', 0, 1, 'אפק', '0525207858', ''),
(553, 3, 'שמעון', '', '', 0, 2, 'ענבל', '0509080856', ''),
(554, 3, 'שירן', '', '', 0, 1, 'ענבל', '0528429870', ''),
(555, 3, 'ירון', '', '', 0, 1, 'אפק', '0549144552', ''),
(556, 3, 'רויטל', '', '', 0, 2, 'אפק', '0549497990', ''),
(557, 3, 'רחלי', '', '', 0, 1, 'אפק', '0546666251', ''),
(558, 3, 'תמיר', '', '', 0, 1, 'אפק', '0525343404', ''),
(559, 3, 'מוטי', '', '', 0, 2, 'אפק', '0505237243', ''),
(560, 3, 'מאור', '', '', 0, 2, 'אפק', '0507818464', ''),
(561, 3, 'שני', '', '', 0, 1, 'אפק', '0504420012', ''),
(562, 3, 'גיא', '', '', 0, 2, 'אפק', '0504420011', ''),
(563, 3, 'אילנה', '', '', 0, 3, 'אפק', '0528855444', ''),
(564, 3, 'קובי', '', '', 0, 1, 'אפק', '0528665433', ''),
(565, 3, 'יגאל', '', '', 0, 2, 'אפק', '0507432642', ''),
(566, 3, 'רוחה', '', '', 2, 2, 'אפק', '0547556990', ''),
(567, 3, 'סופי', '', '', 0, 2, 'אפק', '0545200812', ''),
(568, 3, 'סימונה', '', '', 0, 5, 'אפק', '0508549785', ''),
(569, 3, 'אילן', '', '', 0, 1, 'אפק', '0548184828', ''),
(570, 3, 'שוש', '', '', 0, 1, 'אפק', '0502233778', ''),
(571, 3, 'אדמוב', '', '', 0, 1, 'אפק', '0508312029', ''),
(572, 3, 'סוניה', '', '', 0, 1, 'אפק', '0526130808', ''),
(573, 3, 'יהודה', '', '', 0, 1, 'אפק', '0528606012', ''),
(574, 3, 'לאה', '', '', 0, 2, 'אפק', '0506992465', ''),
(575, 3, 'ציון', '', '', 0, 2, 'אפק', '0506831306', ''),
(576, 3, 'מרים', '', '', 0, 2, 'אפק', '0526365604', ''),
(577, 3, 'אנגלה', '', '', 0, 2, 'אפק', '0507990880', ''),
(578, 3, 'אלכס', '', '', 0, 1, 'אפק', '0502550224', ''),
(579, 3, 'איתי', '', '', 0, 2, 'אפק', '0508721216', ''),
(580, 3, 'עליזה', '', '', 0, 2, 'אפק', '0543517899', ''),
(581, 3, 'יאיר', '', '', 0, 2, 'אפק', '0506667272', ''),
(582, 3, 'אושרי', '', '', 0, 2, 'אפק', '0504300427', ''),
(583, 3, 'אילנית', '', '', 0, 2, 'אפק', '0542458033', ''),
(584, 3, 'אילן', '', '', 0, 2, 'אפק', '0524285805', ''),
(585, 3, 'שניר', '', '', 0, 2, 'אפק', '0542507721', ''),
(586, 3, 'דינה', '', '', 0, 2, 'אפק', '0532869873', ''),
(587, 3, 'רוחה', '', '', 0, 1, 'אפק', '0526469707', ''),
(588, 3, 'אבי', '', '', 0, 1, 'אפק', '0526175113', ''),
(589, 3, 'רונן', '', '', 0, 2, 'אפק', '0542888525', ''),
(590, 3, 'יוסי', '', '', 0, 1, 'אפק', '0507890864', ''),
(591, 3, 'אהובה', '', '', 0, 1, 'אפק', '0575786718', ''),
(592, 3, 'אלי', '', '', 0, 1, 'אפק', '0547750494', ''),
(593, 3, 'גלית', '', '', 0, 1, 'אפק', '0537220286', ''),
(594, 3, 'נטלי', '', '', 0, 1, 'אפק', '0502666278', ''),
(595, 3, 'יגאל', '', '', 0, 1, 'אפק', '0522883828', ''),
(596, 3, 'סמדי', '', '', 0, 1, 'אפק', '0505795895', ''),
(597, 3, 'רחל', '', '', 0, 1, 'אפק', '0527869687', ''),
(598, 3, 'אליז', '', '', 0, 2, 'אפק', '0505716286', ''),
(599, 3, 'בת חן', '', '', 0, 1, 'אפק', '0507904883', ''),
(600, 3, 'מושיקו', '', '', 0, 1, 'אפק', '0508558777', ''),
(601, 3, 'מרסל', '', '', 0, 2, 'אפק', '0506210828', ''),
(602, 3, 'שרון', '', '', 0, 2, 'אפק', '0502471901', ''),
(603, 3, 'ששון', '', '', 0, 2, 'אפק', '0574293330', ''),
(604, 3, 'ליזט', '', '', 0, 2, 'אפק', '0577610075', ''),
(605, 3, 'ענת', '', '', 0, 1, 'אפק', '0509887580', ''),
(606, 3, 'לירון', '', '', 0, 2, 'אפק', '0509727765', ''),
(607, 3, 'אופיר', '', '', 0, 2, 'אפק', '0526789330', ''),
(608, 3, 'סטלה', '', '', 0, 2, 'אפק', '0548342922', ''),
(609, 3, 'מירב', '', '', 0, 2, 'אפק', '0507996008', ''),
(610, 3, 'לימור', '', '', 0, 2, 'אפק', '0573555558', ''),
(611, 3, 'אתי', '', '', 0, 1, 'אפק', '0509298922', ''),
(612, 3, 'נפתלי', '', '', 0, 2, 'אפק', '0504544947', ''),
(613, 3, 'אהרון', '', '', 0, 2, 'אפק', '0547531555', ''),
(614, 3, 'דיויד', '', '', 2, 2, 'אפק', '0528499198', ''),
(615, 3, 'שלומי', '', '', 0, 1, 'אפק', '0509010962', ''),
(616, 3, 'ג''קו', '', '', 0, 2, 'אפק', '0575271952', ''),
(617, 3, 'דיויד', '', '', 0, 2, 'אפק', '0523921492', ''),
(618, 3, 'איתמר', '', '', 0, 1, 'אפק', '0542828600', ''),
(619, 3, 'מושיק', '', '', 0, 1, 'אפק', '0542828111', ''),
(620, 3, 'אריה', '', '', 0, 1, 'אפק', '0542828103', ''),
(621, 3, 'ניר', '', '', 0, 1, 'אפק', '0542828116', ''),
(622, 3, 'סיני', '', '', 0, 1, 'אפק', '0504404211', ''),
(623, 3, 'יעקב', '', '', 0, 1, 'אפק', '0506660784', ''),
(624, 3, 'דיויד', '', '', 0, 2, 'אפק', '0524467302', ''),
(625, 3, 'חיים', '', '', 0, 2, 'אפק', '0508740074', ''),
(626, 3, 'פנחס', '', '', 0, 6, 'אפק', '0544339017', ''),
(627, 3, 'צחי', '', '', 0, 1, 'אפק', '0508858736', ''),
(628, 3, 'רוני', '', '', 0, 2, 'אפק', '0547889171', ''),
(629, 3, 'מוטי', '', '', 0, 2, 'אפק', '0528467695', ''),
(630, 3, 'אתי', '', '', 0, 1, 'אפק', '0523215795', ''),
(631, 3, 'אושרי', '', '', 0, 1, 'אפק', '0547596611', ''),
(632, 3, 'נתי', '', '', 0, 2, 'אפק', '0509960620', ''),
(633, 3, 'מור', '', '', 0, 2, 'אפק', '0507800417', ''),
(634, 3, 'פרח', '', '', 0, 3, 'אפק', '0523443466', ''),
(635, 3, 'אהובה', '', '', 0, 1, 'אפק', '0504888854', ''),
(636, 3, 'נוי', '', '', 0, 1, 'אפק', '0505779616', ''),
(637, 3, 'לינוי', '', '', 0, 1, 'אפק', '0542608535', ''),
(638, 3, 'ספיר', '', '', 0, 2, 'אפק', '0504000752', ''),
(639, 3, 'חן', '', '', 0, 1, 'אפק', '0524469699', ''),
(640, 3, 'סוזן', '', '', 0, 1, 'אפק', '0545418036', ''),
(641, 3, 'שני', '', '', 0, 1, 'אפק', '0508321551', ''),
(642, 3, 'שושנה', '', '', 0, 1, 'אפק', '0524714882', ''),
(643, 3, 'יניב', '', '', 0, 2, 'אפק', '0505712100', ''),
(644, 3, 'יואל', '', '', 0, 2, 'אפק', '0502013401', ''),
(645, 3, 'מור', '', '', 0, 2, 'אפק', '0547437486', ''),
(646, 3, 'אוריין', '', '', 0, 2, 'אפק', '0547717568', ''),
(647, 3, 'נחום', '', '', 0, 1, 'אפק', '0545415162', ''),
(648, 3, 'צוקית', '', '', 0, 4, 'אפק', '0522407232', ''),
(924, 4, 'אמנון', '', '', 2, 2, 'אפק', '0547717567', ''),
(925, 4, 'אברהם', 'אלפסי', '', 0, 2, 'אפק', '0528423185', ''),
(926, 4, 'עמר', '', '', 0, 2, 'אפק', '0526070722', ''),
(927, 4, 'כוכי', '', '', 0, 1, 'אפק', '0506440669', ''),
(928, 4, 'חגית', '', '', 0, 2, 'אפק', '0546677253', ''),
(929, 4, 'מיכאל', '', '', 0, 1, 'אפק', '0537717100', ''),
(930, 4, 'ימנה', '', '', 0, 1, 'אפק', '0522672786', ''),
(931, 4, 'לימור', 'אוחנה', '', 0, 2, 'אפק', '0577445826', ''),
(932, 4, 'עופרה', '', '', 0, 1, 'אפק', '0522880119', ''),
(933, 4, 'מרי', '', '', 0, 1, 'אפק', '0545946017', ''),
(934, 4, 'נתנאל', '', '', 0, 2, 'אפק', '0504300465', ''),
(935, 4, 'רונית', '', '', 0, 2, 'אפק', '0544894423', ''),
(936, 4, 'ריקי', '', '', 0, 2, 'אפק', '0509499002', ''),
(937, 4, 'דבורה', '', '', 0, 1, 'אפק', '0506433256', ''),
(938, 4, 'אבי', '', '', 0, 2, 'אפק', '0542828090', ''),
(939, 4, 'שונטל', '', '', 0, 1, 'אפק', '0508233338', ''),
(940, 4, 'עופר', '', '', 0, 1, 'אפק', '0542828099', ''),
(941, 4, 'עזרה', '', '', 0, 1, 'אפק', '0543331112', ''),
(942, 4, 'אבי', '', '', 0, 2, 'אפק', '0548099735', ''),
(943, 4, 'מוריה', '', '', 0, 2, 'אפק', '0503069349', ''),
(944, 4, 'יוחאי', '', '', 0, 2, 'אפק', '0504229930', ''),
(945, 4, 'מאיר', '', '', 0, 2, 'אפק', '0508278172', ''),
(946, 4, 'מירים', '', '', 0, 2, 'אפק', '0546765239', ''),
(947, 4, 'מיטל', '', '', 0, 1, 'אפק', '0524751299', ''),
(948, 4, 'שרלי', '', '', 0, 2, 'אפק', '0507558226', ''),
(949, 4, 'שמעון', '', '', 0, 2, 'אפק', '0505224999', ''),
(950, 4, 'מלי', '', '', 0, 3, 'אפק', '0526333460', ''),
(951, 4, 'יוסי', '', '', 0, 2, 'ענבל', '0527906573', ''),
(952, 4, 'דוד', '', '', 0, 1, 'ענבל', '0528463595', ''),
(953, 4, 'שרף', '', '', 0, 1, 'ענבל', '0503133100', ''),
(954, 4, 'מאיר', '', '', 0, 1, 'ענבל', '0528992669', ''),
(955, 4, 'אליעזר', '', '', 0, 1, 'אפק', '0546866640', ''),
(956, 4, 'עוזי', '', '', 0, 1, 'ענבל', '0572454779', ''),
(957, 4, 'משה', '', '', 0, 1, 'אפק', '0544803098', ''),
(958, 4, 'אביבה', 'אוחנה', '', 0, 1, 'ענבל', '0524356811', ''),
(959, 4, 'שמעון', 'עסור', '', 0, 2, 'אפק', '0504913456', ''),
(960, 4, 'חנן', 'עסור', '', 0, 2, 'ענבל', '0529288470', ''),
(961, 4, 'בוחבוט', 'ושאול', '', 0, 5, 'ענבל', '0505336106', ''),
(962, 4, 'מאור', '', '', 0, 1, 'ענבל', '0506970828', ''),
(963, 4, 'רעות', 'סוויסה', '', 0, 2, 'ענבל', '0526944752', ''),
(964, 4, 'שולמית', '', '', 0, 1, 'ענבל', '0508290594', ''),
(965, 4, 'אתי', 'בוחבוט', '', 0, 1, 'ענבל', '0522886841', ''),
(966, 4, 'רבקה', '', '', 0, 2, 'ענבל', '0525249794', ''),
(967, 4, 'מוטי', '', '', 0, 1, 'אפק', '0546857822', ''),
(968, 4, 'עליזה', 'אוחנה', '', 0, 2, 'ענבל', '0543316230', ''),
(969, 4, 'רבקה', '', '', 0, 1, 'ענבל', '0522672786', ''),
(970, 4, 'רפי', '', '', 1, 2, 'אפק', '0545209006', ''),
(971, 4, 'בני', '', '', 0, 2, 'ענבל', '0503530304', ''),
(972, 4, 'עליזה', '', '', 0, 1, 'אפק', '0504717962', ''),
(973, 4, 'שמעון', 'טמסוט', '', 0, 2, 'אפק', '0544911335', ''),
(974, 4, 'מרים', 'כהן', '', 0, 2, 'ענבל', '0506986546', ''),
(975, 4, 'אתי', '', '', 0, 1, 'ענבל', '0547343762', ''),
(976, 4, 'אורי', 'אוחנה', '', 0, 2, 'ענבל', '0524419766', ''),
(977, 4, 'תומר', 'אוחנה', '', 0, 2, 'ענבל', '0575555992', ''),
(978, 4, 'שלום', '', '', 0, 1, 'ענבל', '0503373555', ''),
(979, 4, 'אורי', '', '', 0, 1, 'ענבל', '0526704450', ''),
(980, 4, 'מסעוד', '', '', 0, 1, 'ענבל', '0549485732', ''),
(981, 4, 'חנה', 'אוחנה', '', 0, 2, 'ענבל', '0509009195', ''),
(982, 4, 'יפה', 'סעדון', '', 0, 2, 'ענבל', '0525414101', ''),
(983, 4, 'פלורה', '', '', 0, 1, 'ענבל', '0525585946', ''),
(984, 4, 'יוסי', 'כהן', '', 0, 2, 'ענבל', '0525985777', ''),
(985, 4, 'לינדה', '', '', 0, 1, 'ענבל', '0502950306', ''),
(986, 4, 'צליל', '', '', 0, 2, 'ענבל', '0549983604', ''),
(987, 4, 'אפרת', 'של', '', 0, 1, 'ענבל', '0528105081', ''),
(988, 4, 'דוברת', '', '', 0, 2, 'ענבל', '0503420009', ''),
(989, 4, 'תמר', 'טמסוט', '', 0, 2, 'ענבל', '0547599553', ''),
(990, 4, 'דהן', '', '', 0, 2, 'אפק', '0509975766', ''),
(991, 4, 'איריס', '', '', 0, 1, 'ענבל', '0502319690', ''),
(992, 4, 'חדד', '', '', 0, 2, 'ענבל', '0525278266', ''),
(993, 4, 'יהודה', '', '', 0, 2, 'ענבל', '0542259959', ''),
(994, 4, 'סבג', '', '', 0, 1, 'ענבל', '0578266771', ''),
(995, 4, 'אבי', '', '', 0, 1, 'אפק', '0528818225', ''),
(996, 4, 'יפה', '', '', 0, 1, 'ענבל', '0506359183', ''),
(997, 4, 'עינב', '', '', 0, 1, 'ענבל', '0523937717', ''),
(998, 4, 'רחל', '', '', 0, 1, 'ענבל', '0523826096', ''),
(999, 4, 'סוזי', '', '', 0, 6, 'ענבל', '0506440553', ''),
(1000, 4, 'נטלי', 'אבקסיס', '', 0, 2, 'ענבל', '0504222313', ''),
(1001, 4, 'עדן', 'עמר', '', 0, 2, 'אפק', '0547728839', ''),
(1002, 4, 'יוליה', 'ויניב', '', 0, 2, 'ענבל', '0527363283', ''),
(1003, 4, 'איציק', 'ועקנין', '', 0, 2, 'ענבל', '0505206279', ''),
(1004, 4, 'אלבז', 'וג''''קלין', '', 0, 1, 'ענבל', '0524891428', ''),
(1005, 4, 'שני', 'כהן', '', 0, 2, 'ענבל', '0507865299', ''),
(1006, 4, 'ישראל', '', '', 0, 2, 'ענבל', '0547703034', ''),
(1007, 4, 'שלמה', 'אלפסי', '', 0, 1, 'אפק', '0525689787', ''),
(1008, 4, 'דבורה', '', '', 0, 2, 'אפק', '0527247707', ''),
(1009, 4, 'חנינה', '', '', 0, 2, 'ענבל', '0559712134', ''),
(1010, 4, 'סמי', '', '', 0, 2, 'ענבל', '0507263101', ''),
(1011, 4, 'שירן', '', '', 0, 1, 'ענבל', '0507790328', ''),
(1012, 4, 'אורלי', 'זקן', '', 0, 1, 'ענבל', '0508923417', ''),
(1013, 4, 'משה', 'אלימלך', '', 0, 2, 'ענבל', '0507866602', ''),
(1014, 4, 'אברהם', '', '', 0, 2, 'ענבל', '0524490443', ''),
(1015, 4, 'יהודית', '', '', 0, 2, 'ענבל', '0508822973', ''),
(1016, 4, 'יוסי', '', '', 0, 2, 'ענבל', '0526080434', ''),
(1017, 4, 'חיים', '', '', 0, 2, 'ענבל', '0542031367', ''),
(1018, 4, 'ספיר', 'רביבו', '', 0, 2, 'ענבל', '0547993222', ''),
(1019, 4, 'ציון', '', '', 0, 1, 'ענבל', '0528089756', ''),
(1020, 4, 'סלעית', '', '', 0, 1, 'ענבל', '0526492152', ''),
(1021, 4, 'יפה', 'מלכה', '', 0, 2, 'ענבל', '0528978983', ''),
(1022, 4, 'סופי', '', '', 0, 2, 'ענבל', '0509032388', ''),
(1023, 4, 'יקיר', 'ונועה', '', 0, 2, 'ענבל', '0508376972', ''),
(1024, 4, 'אורטל', 'אוחנה', '', 0, 2, 'ענבל', '0577445825', ''),
(1025, 4, 'בת', 'תורג''''מן', '', 0, 1, 'אפק', '0527985752', ''),
(1026, 4, 'קובי', '', '', 0, 1, 'ענבל', '0504408007', ''),
(1027, 4, 'אחינועם', '', '', 0, 1, 'אפק', '0509919639', ''),
(1028, 4, 'ג''''קלין', '', '', 0, 2, 'ענבל', '0547043835', ''),
(1029, 4, 'שולה', '', '', 0, 1, 'ענבל', '0528060303', ''),
(1030, 4, 'דליה', '', '', 0, 2, 'ענבל', '0544887444', ''),
(1031, 4, 'שולמית', '', '', 0, 1, 'אפק', '0545311059', ''),
(1032, 4, 'חן', '', '', 0, 1, 'ענבל', '0523051022', ''),
(1033, 4, 'רויטל', '', '', 0, 1, 'ענבל', '0503062283', ''),
(1034, 4, 'נוי', '', '', 0, 1, 'ענבל', '0547280258', ''),
(1035, 4, 'זהבה', '', '', 0, 2, 'ענבל', '0507880309', ''),
(1036, 4, 'גלעד', 'אברג''''יל', '', 0, 2, 'ענבל', '0546450528', ''),
(1037, 4, 'זהבה', 'כהן', '', 0, 1, 'ענבל', '0577351993', ''),
(1038, 4, 'לילך', '', '', 0, 1, 'אפק', '0504411580', ''),
(1039, 4, 'עדנה', '', '', 0, 2, 'ענבל', '0542384104', ''),
(1040, 4, 'יהוד', '', '', 0, 1, 'ענבל', '0546101916', ''),
(1041, 4, 'אבי', '', '', 0, 2, 'אפק', '0505233163', ''),
(1042, 4, 'קובי', '', '', 0, 2, 'ענבל', '0572206596', ''),
(1043, 4, 'ענת', '', '', 0, 1, 'ענבל', '0527707128', ''),
(1044, 4, 'דפנה', '', '', 0, 2, 'ענבל', '0505728928', ''),
(1045, 4, 'אריאל', 'בוחבוט', '', 0, 1, 'ענבל', '0524643455', ''),
(1046, 4, 'אילן', '', '', 0, 2, 'ענבל', '0529259882', ''),
(1047, 4, 'מיכל', '', '', 0, 1, 'ענבל', '0508487982', ''),
(1048, 4, 'אוחנה', '', '', 0, 2, 'ענבל', '0546755141', ''),
(1049, 4, 'אסתר', 'נעים', '', 0, 1, 'אפק', '0546509493', ''),
(1050, 4, 'גלית', 'של', '', 0, 2, 'ענבל', '0525477741', ''),
(1051, 4, 'נאוה', 'אבידן', '', 0, 1, 'ענבל', '0525446731', ''),
(1052, 4, 'דודי', 'נעים', '', 0, 1, 'ענבל', '0522677907', ''),
(1053, 4, 'יגאל', 'פרץ', '', 0, 2, 'ענבל', '0524454816', ''),
(1054, 4, 'יגאל', '', '', 0, 2, 'ענבל', '0525847775', ''),
(1055, 4, 'דינה', 'עסור', '', 0, 1, 'אפק', '0502685080', ''),
(1056, 4, 'יובל', '', '', 0, 2, 'ענבל', '0506298889', ''),
(1057, 4, 'דנית', '', '', 0, 1, 'ענבל', '0523940530', ''),
(1058, 4, 'בלהה', 'ממן', '', 0, 1, 'ענבל', '0545778490', ''),
(1059, 4, 'קרולין', '', '', 0, 1, 'ענבל', '0507683019', ''),
(1060, 4, 'שלום', 'בוחבוט', '', 0, 4, 'ענבל', '0506205193', ''),
(1061, 4, 'שי', '', '', 0, 1, 'ענבל', '0523413074', ''),
(1062, 4, 'לוי', '', '', 0, 2, 'ענבל', '0504898445', ''),
(1063, 4, 'שירה', '', '', 0, 2, 'ענבל', '0528270784', ''),
(1064, 4, 'נתי', '', '', 0, 2, 'ענבל', '0502139998', ''),
(1065, 4, 'רועי', '', '', 0, 2, 'ענבל', '0546263444', ''),
(1066, 4, 'אבי', '', '', 0, 2, 'ענבל', '0502536869', ''),
(1067, 4, 'אסנת', '', '', 0, 1, 'ענבל', '0508160801', ''),
(1068, 4, 'ישראל', '', '', 0, 1, 'ענבל', '0538250320', ''),
(1069, 4, 'גבי', 'אברג''''יל', '', 0, 2, 'ענבל', '0505636104', ''),
(1070, 4, 'אליאנה', '', '', 0, 1, 'ענבל', '0508926262', ''),
(1071, 4, 'ניר', '', '', 0, 2, 'ענבל', '0506449555', ''),
(1072, 4, 'דוד', 'בוחבוט', '', 0, 1, 'ענבל', '0526176794', ''),
(1073, 4, 'זהבית', 'פרץ', '', 0, 2, 'ענבל', '0526526035', ''),
(1074, 4, 'עודד', '', '', 0, 2, 'ענבל', '0542828100', ''),
(1075, 4, 'וישניה', '', '', 0, 1, 'ענבל', '0547670838', ''),
(1076, 4, 'אריה', '', '', 0, 1, 'ענבל', '0522600027', ''),
(1077, 4, 'אבנר', '', '', 0, 2, 'ענבל', '0577438780', ''),
(1078, 4, 'סנדרוסי', '', '', 0, 2, 'ענבל', '0542828029', ''),
(1079, 4, 'ארנסט', '', '', 0, 1, 'ענבל', '0542828092', ''),
(1080, 4, 'טל', '', '', 0, 1, 'ענבל', '0526633414', ''),
(1081, 4, 'שמחה', '', '', 0, 2, 'ענבל', '0542828089', ''),
(1082, 4, 'אילן', '', '', 0, 2, 'ענבל', '0505775533', ''),
(1083, 4, 'אפרים', '', '', 0, 1, 'ענבל', '0542828086', ''),
(1084, 4, 'דני', '', '', 0, 1, 'ענבל', '0542828101', ''),
(1085, 4, 'שמעון', '', '', 0, 1, 'אפק', '0542828618', ''),
(1086, 4, 'רמי', '', '', 0, 1, 'ענבל', '0542828588', ''),
(1087, 4, 'שמואל', '', '', 0, 1, 'ענבל', '0542828109', ''),
(1088, 4, 'אבי', '', '', 0, 1, 'ענבל', '0542828556', ''),
(1089, 4, 'אורנה', '', '', 0, 2, 'ענבל', '0542828504', ''),
(1090, 4, 'שלמה', '', '', 0, 1, 'אפק', '0542828088', ''),
(1091, 4, 'יעקב', '', '', 0, 1, 'ענבל', '0542828525', ''),
(1092, 4, 'צופנת', '', '', 0, 1, 'ענבל', '0506578756', ''),
(1093, 4, 'נופר', '', '', 0, 2, 'ענבל', '0503338508', ''),
(1094, 4, 'תמי', '', '', 0, 2, 'ענבל', '0549393023', ''),
(1095, 4, 'לינוי', '', '', 0, 1, 'ענבל', '0543416141', ''),
(1096, 4, 'דגנית', '', '', 0, 1, 'ענבל', '0502444863', ''),
(1097, 4, 'רינת', '', '', 0, 1, 'ענבל', '0506404546', ''),
(1098, 4, 'יעלה', '', '', 0, 1, 'ענבל', '0587878729', ''),
(1099, 4, 'אורפז', '', '', 0, 2, 'ענבל', '0527809750', ''),
(1100, 4, 'ניב', '', '', 0, 1, 'ענבל', '0522766099', ''),
(1101, 4, 'מעיין', '', '', 0, 1, 'ענבל', '0527280440', ''),
(1102, 4, 'אנאל', '', '', 0, 1, 'אפק', '0525207858', ''),
(1103, 4, 'שמעון', '', '', 0, 2, 'ענבל', '0509080856', ''),
(1104, 4, 'שירן', '', '', 0, 1, 'ענבל', '0528429870', ''),
(1105, 4, 'ירון', '', '', 0, 1, 'אפק', '0549144552', ''),
(1106, 4, 'רויטל', '', '', 0, 2, 'אפק', '0549497990', ''),
(1107, 4, 'רחלי', '', '', 0, 1, 'אפק', '0546666251', ''),
(1108, 4, 'תמיר', '', '', 0, 1, 'אפק', '0525343404', ''),
(1109, 4, 'מוטי', '', '', 0, 2, 'אפק', '0505237243', ''),
(1110, 4, 'מאור', '', '', 0, 2, 'אפק', '0507818464', ''),
(1111, 4, 'שני', '', '', 0, 1, 'אפק', '0504420012', ''),
(1112, 4, 'גיא', '', '', 0, 2, 'אפק', '0504420011', ''),
(1113, 4, 'אילנה', '', '', 0, 3, 'אפק', '0528855444', ''),
(1114, 4, 'קובי', '', '', 0, 1, 'אפק', '0528665433', ''),
(1115, 4, 'יגאל', '', '', 0, 2, 'אפק', '0507432642', ''),
(1116, 4, 'רוחה', '', '', 2, 2, 'אפק', '0547556990', ''),
(1117, 4, 'סופי', '', '', 0, 2, 'אפק', '0545200812', ''),
(1118, 4, 'סימונה', '', '', 0, 5, 'אפק', '0508549785', ''),
(1119, 4, 'אילן', '', '', 0, 1, 'אפק', '0548184828', ''),
(1120, 4, 'שוש', '', '', 0, 1, 'אפק', '0502233778', ''),
(1121, 4, 'אדמוב', '', '', 0, 1, 'אפק', '0508312029', ''),
(1122, 4, 'סוניה', '', '', 0, 1, 'אפק', '0526130808', ''),
(1123, 4, 'יהודה', '', '', 0, 1, 'אפק', '0528606012', ''),
(1124, 4, 'לאה', '', '', 0, 2, 'אפק', '0506992465', ''),
(1125, 4, 'ציון', '', '', 0, 2, 'אפק', '0506831306', ''),
(1126, 4, 'מרים', '', '', 0, 2, 'אפק', '0526365604', ''),
(1127, 4, 'אנגלה', '', '', 0, 2, 'אפק', '0507990880', ''),
(1128, 4, 'אלכס', '', '', 0, 1, 'אפק', '0502550224', ''),
(1129, 4, 'איתי', '', '', 0, 2, 'אפק', '0508721216', ''),
(1130, 4, 'עליזה', '', '', 0, 2, 'אפק', '0543517899', ''),
(1131, 4, 'יאיר', '', '', 0, 2, 'אפק', '0506667272', ''),
(1132, 4, 'אושרי', '', '', 0, 2, 'אפק', '0504300427', ''),
(1133, 4, 'אילנית', '', '', 0, 2, 'אפק', '0542458033', ''),
(1134, 4, 'אילן', '', '', 0, 2, 'אפק', '0524285805', ''),
(1135, 4, 'שניר', '', '', 0, 2, 'אפק', '0542507721', ''),
(1136, 4, 'דינה', '', '', 0, 2, 'אפק', '0532869873', ''),
(1137, 4, 'רוחה', '', '', 0, 1, 'אפק', '0526469707', ''),
(1138, 4, 'אבי', '', '', 0, 1, 'אפק', '0526175113', ''),
(1139, 4, 'רונן', '', '', 0, 2, 'אפק', '0542888525', ''),
(1140, 4, 'יוסי', '', '', 0, 1, 'אפק', '0507890864', ''),
(1141, 4, 'אהובה', '', '', 0, 1, 'אפק', '0575786718', ''),
(1142, 4, 'אלי', '', '', 0, 1, 'אפק', '0547750494', ''),
(1143, 4, 'גלית', '', '', 0, 1, 'אפק', '0537220286', ''),
(1144, 4, 'נטלי', '', '', 0, 1, 'אפק', '0502666278', ''),
(1145, 4, 'יגאל', '', '', 0, 1, 'אפק', '0522883828', ''),
(1146, 4, 'סמדי', '', '', 0, 1, 'אפק', '0505795895', ''),
(1147, 4, 'רחל', '', '', 0, 1, 'אפק', '0527869687', ''),
(1148, 4, 'אליז', '', '', 0, 2, 'אפק', '0505716286', ''),
(1149, 4, 'בת חן', '', '', 0, 1, 'אפק', '0507904883', ''),
(1150, 4, 'מושיקו', '', '', 0, 1, 'אפק', '0508558777', ''),
(1151, 4, 'מרסל', '', '', 0, 2, 'אפק', '0506210828', ''),
(1152, 4, 'שרון', '', '', 0, 2, 'אפק', '0502471901', ''),
(1153, 4, 'ששון', '', '', 0, 2, 'אפק', '0574293330', ''),
(1154, 4, 'ליזט', '', '', 0, 2, 'אפק', '0577610075', ''),
(1155, 4, 'ענת', '', '', 0, 1, 'אפק', '0509887580', ''),
(1156, 4, 'לירון', '', '', 0, 2, 'אפק', '0509727765', ''),
(1157, 4, 'אופיר', '', '', 0, 2, 'אפק', '0526789330', ''),
(1158, 4, 'סטלה', '', '', 0, 2, 'אפק', '0548342922', ''),
(1159, 4, 'מירב', '', '', 0, 2, 'אפק', '0507996008', ''),
(1160, 4, 'לימור', '', '', 0, 2, 'אפק', '0573555558', ''),
(1161, 4, 'אתי', '', '', 0, 1, 'אפק', '0509298922', ''),
(1162, 4, 'נפתלי', '', '', 0, 2, 'אפק', '0504544947', ''),
(1163, 4, 'אהרון', '', '', 0, 2, 'אפק', '0547531555', ''),
(1164, 4, 'דיויד', '', '', 2, 2, 'אפק', '0528499198', ''),
(1165, 4, 'שלומי', '', '', 0, 1, 'אפק', '0509010962', ''),
(1166, 4, 'ג''''קו', '', '', 0, 2, 'אפק', '0575271952', ''),
(1167, 4, 'דיויד', '', '', 0, 2, 'אפק', '0523921492', ''),
(1168, 4, 'איתמר', '', '', 0, 1, 'אפק', '0542828600', ''),
(1169, 4, 'מושיק', '', '', 0, 1, 'אפק', '0542828111', ''),
(1170, 4, 'אריה', '', '', 0, 1, 'אפק', '0542828103', ''),
(1171, 4, 'ניר', '', '', 0, 1, 'אפק', '0542828116', ''),
(1172, 4, 'סיני', '', '', 0, 1, 'אפק', '0504404211', ''),
(1173, 4, 'יעקב', '', '', 0, 1, 'אפק', '0506660784', ''),
(1174, 4, 'דיויד', '', '', 0, 2, 'אפק', '0524467302', ''),
(1175, 4, 'חיים', '', '', 0, 2, 'אפק', '0508740074', ''),
(1176, 4, 'פנחס', '', '', 0, 6, 'אפק', '0544339017', ''),
(1177, 4, 'צחי', '', '', 0, 1, 'אפק', '0508858736', ''),
(1178, 4, 'רוני', '', '', 0, 2, 'אפק', '0547889171', ''),
(1179, 4, 'מוטי', '', '', 0, 2, 'אפק', '0528467695', ''),
(1180, 4, 'אתי', '', '', 0, 1, 'אפק', '0523215795', ''),
(1181, 4, 'אושרי', '', '', 0, 1, 'אפק', '0547596611', ''),
(1182, 4, 'נתי', '', '', 0, 2, 'אפק', '0509960620', ''),
(1183, 4, 'מור', '', '', 0, 2, 'אפק', '0507800417', ''),
(1184, 4, 'פרח', '', '', 0, 3, 'אפק', '0523443466', ''),
(1185, 4, 'אהובה', '', '', 0, 1, 'אפק', '0504888854', ''),
(1186, 4, 'נוי', '', '', 0, 1, 'אפק', '0505779616', ''),
(1187, 4, 'לינוי', '', '', 0, 1, 'אפק', '0542608535', ''),
(1188, 4, 'ספיר', '', '', 0, 2, 'אפק', '0504000752', ''),
(1189, 4, 'חן', '', '', 0, 1, 'אפק', '0524469699', ''),
(1190, 4, 'סוזן', '', '', 0, 1, 'אפק', '0545418036', ''),
(1191, 4, 'שני', '', '', 0, 1, 'אפק', '0508321551', ''),
(1192, 4, 'שושנה', '', '', 0, 1, 'אפק', '0524714882', ''),
(1193, 4, 'יניב', '', '', 0, 2, 'אפק', '0505712100', ''),
(1194, 4, 'יואל', '', '', 0, 2, 'אפק', '0502013401', ''),
(1195, 4, 'מור', '', '', 0, 2, 'אפק', '0547437486', ''),
(1196, 4, 'אוריין', '', '', 0, 2, 'אפק', '0547717568', ''),
(1197, 4, 'נחום', '', '', 0, 1, 'אפק', '0545415162', ''),
(1198, 4, 'צוקית', '', '', 0, 4, 'אפק', '0522407232', ''),
(1475, 5, 'הדס', 'אוחנה', '', 4, 8, 'יוסי', '0050420111', 'V'),
(1476, 5, 'אמנון', '', '', 2, 2, 'אפק', '0547717567', ''),
(1477, 5, 'אברהם', 'אלפסי', '', 0, 2, 'אפק', '0528423185', ''),
(1478, 5, 'עמר', '', '', 0, 2, 'אפק', '0526070722', ''),
(1479, 5, 'כוכי', '', '', 0, 1, 'אפק', '0506440669', ''),
(1480, 5, 'חגית', '', '', 0, 2, 'אפק', '0546677253', ''),
(1481, 5, 'מיכאל', '', '', 0, 1, 'אפק', '0537717100', ''),
(1482, 5, 'ימנה', '', '', 0, 1, 'אפק', '0522672786', ''),
(1483, 5, 'לימור', 'אוחנה', '', 0, 2, 'אפק', '0577445826', ''),
(1484, 5, 'עופרה', '', '', 0, 1, 'אפק', '0522880119', ''),
(1485, 5, 'מרי', '', '', 0, 1, 'אפק', '0545946017', ''),
(1486, 5, 'נתנאל', '', '', 0, 2, 'אפק', '0504300465', ''),
(1487, 5, 'רונית', '', '', 0, 2, 'אפק', '0544894423', ''),
(1488, 5, 'ריקי', '', '', 0, 2, 'אפק', '0509499002', ''),
(1489, 5, 'דבורה', '', '', 0, 1, 'אפק', '0506433256', ''),
(1490, 5, 'אבי', '', '', 0, 2, 'אפק', '0542828090', ''),
(1491, 5, 'שונטל', '', '', 0, 1, 'אפק', '0508233338', ''),
(1492, 5, 'עופר', '', '', 0, 1, 'אפק', '0542828099', ''),
(1493, 5, 'עזרה', '', '', 0, 1, 'אפק', '0543331112', ''),
(1494, 5, 'אבי', '', '', 0, 2, 'אפק', '0548099735', ''),
(1495, 5, 'מוריה', '', '', 0, 2, 'אפק', '0503069349', ''),
(1496, 5, 'יוחאי', '', '', 0, 2, 'אפק', '0504229930', ''),
(1497, 5, 'מאיר', '', '', 0, 2, 'אפק', '0508278172', ''),
(1498, 5, 'מירים', '', '', 0, 2, 'אפק', '0546765239', ''),
(1499, 5, 'מיטל', '', '', 0, 1, 'אפק', '0524751299', ''),
(1500, 5, 'שרלי', '', '', 0, 2, 'אפק', '0507558226', ''),
(1501, 5, 'שמעון', '', '', 0, 2, 'אפק', '0505224999', ''),
(1502, 5, 'מלי', '', '', 0, 3, 'אפק', '0526333460', ''),
(1503, 5, 'יוסי', '', '', 0, 2, 'ענבל', '0527906573', ''),
(1504, 5, 'דוד', '', '', 0, 1, 'ענבל', '0528463595', ''),
(1505, 5, 'שרף', '', '', 0, 1, 'ענבל', '0503133100', ''),
(1506, 5, 'מאיר', '', '', 0, 1, 'ענבל', '0528992669', ''),
(1507, 5, 'אליעזר', '', '', 0, 1, 'אפק', '0546866640', ''),
(1508, 5, 'עוזי', '', '', 0, 1, 'ענבל', '0572454779', ''),
(1509, 5, 'משה', '', '', 0, 1, 'אפק', '0544803098', ''),
(1510, 5, 'אביבה', 'אוחנה', '', 0, 1, 'ענבל', '0524356811', ''),
(1511, 5, 'שמעון', 'עסור', '', 0, 2, 'אפק', '0504913456', ''),
(1512, 5, 'חנן', 'עסור', '', 0, 2, 'ענבל', '0529288470', ''),
(1513, 5, 'בוחבוט', 'ושאול', '', 0, 5, 'ענבל', '0505336106', ''),
(1514, 5, 'מאור', '', '', 0, 1, 'ענבל', '0506970828', ''),
(1515, 5, 'רעות', 'סוויסה', '', 0, 2, 'ענבל', '0526944752', ''),
(1516, 5, 'שולמית', '', '', 0, 1, 'ענבל', '0508290594', ''),
(1517, 5, 'אתי', 'בוחבוט', '', 0, 1, 'ענבל', '0522886841', ''),
(1518, 5, 'רבקה', '', '', 0, 2, 'ענבל', '0525249794', ''),
(1519, 5, 'מוטי', '', '', 0, 1, 'אפק', '0546857822', ''),
(1520, 5, 'עליזה', 'אוחנה', '', 0, 2, 'ענבל', '0543316230', ''),
(1521, 5, 'רבקה', '', '', 0, 1, 'ענבל', '0522672786', ''),
(1522, 5, 'רפי', '', '', 1, 2, 'אפק', '0545209006', ''),
(1523, 5, 'בני', '', '', 0, 2, 'ענבל', '0503530304', ''),
(1524, 5, 'עליזה', '', '', 0, 1, 'אפק', '0504717962', ''),
(1525, 5, 'שמעון', 'טמסוט', '', 0, 2, 'אפק', '0544911335', ''),
(1526, 5, 'מרים', 'כהן', '', 0, 2, 'ענבל', '0506986546', ''),
(1527, 5, 'אתי', '', '', 0, 1, 'ענבל', '0547343762', ''),
(1528, 5, 'אורי', 'אוחנה', '', 0, 2, 'ענבל', '0524419766', ''),
(1529, 5, 'תומר', 'אוחנה', '', 0, 2, 'ענבל', '0575555992', ''),
(1530, 5, 'שלום', '', '', 0, 1, 'ענבל', '0503373555', ''),
(1531, 5, 'אורי', '', '', 0, 1, 'ענבל', '0526704450', ''),
(1532, 5, 'מסעוד', '', '', 0, 1, 'ענבל', '0549485732', ''),
(1533, 5, 'חנה', 'אוחנה', '', 0, 2, 'ענבל', '0509009195', ''),
(1534, 5, 'יפה', 'סעדון', '', 0, 2, 'ענבל', '0525414101', ''),
(1535, 5, 'פלורה', '', '', 0, 1, 'ענבל', '0525585946', ''),
(1536, 5, 'יוסי', 'כהן', '', 0, 2, 'ענבל', '0525985777', ''),
(1537, 5, 'לינדה', '', '', 0, 1, 'ענבל', '0502950306', ''),
(1538, 5, 'צליל', '', '', 0, 2, 'ענבל', '0549983604', ''),
(1539, 5, 'אפרת', 'של', '', 0, 1, 'ענבל', '0528105081', ''),
(1540, 5, 'דוברת', '', '', 0, 2, 'ענבל', '0503420009', ''),
(1541, 5, 'תמר', 'טמסוט', '', 0, 2, 'ענבל', '0547599553', ''),
(1542, 5, 'דהן', '', '', 0, 2, 'אפק', '0509975766', ''),
(1543, 5, 'איריס', '', '', 0, 1, 'ענבל', '0502319690', ''),
(1544, 5, 'חדד', '', '', 0, 2, 'ענבל', '0525278266', ''),
(1545, 5, 'יהודה', '', '', 0, 2, 'ענבל', '0542259959', ''),
(1546, 5, 'סבג', '', '', 0, 1, 'ענבל', '0578266771', ''),
(1547, 5, 'אבי', '', '', 0, 1, 'אפק', '0528818225', ''),
(1548, 5, 'יפה', '', '', 0, 1, 'ענבל', '0506359183', ''),
(1549, 5, 'עינב', '', '', 0, 1, 'ענבל', '0523937717', ''),
(1550, 5, 'רחל', '', '', 0, 1, 'ענבל', '0523826096', ''),
(1551, 5, 'סוזי', '', '', 0, 6, 'ענבל', '0506440553', ''),
(1552, 5, 'נטלי', 'אבקסיס', '', 0, 2, 'ענבל', '0504222313', ''),
(1553, 5, 'עדן', 'עמר', '', 0, 2, 'אפק', '0547728839', ''),
(1554, 5, 'יוליה', 'ויניב', '', 0, 2, 'ענבל', '0527363283', ''),
(1555, 5, 'איציק', 'ועקנין', '', 0, 2, 'ענבל', '0505206279', ''),
(1556, 5, 'אלבז', 'וג''''קלין', '', 0, 1, 'ענבל', '0524891428', ''),
(1557, 5, 'שני', 'כהן', '', 0, 2, 'ענבל', '0507865299', ''),
(1558, 5, 'ישראל', '', '', 0, 2, 'ענבל', '0547703034', ''),
(1559, 5, 'שלמה', 'אלפסי', '', 0, 1, 'אפק', '0525689787', ''),
(1560, 5, 'דבורה', '', '', 0, 2, 'אפק', '0527247707', ''),
(1561, 5, 'חנינה', '', '', 0, 2, 'ענבל', '0559712134', ''),
(1562, 5, 'סמי', '', '', 0, 2, 'ענבל', '0507263101', ''),
(1563, 5, 'שירן', '', '', 0, 1, 'ענבל', '0507790328', ''),
(1564, 5, 'אורלי', 'זקן', '', 0, 1, 'ענבל', '0508923417', ''),
(1565, 5, 'משה', 'אלימלך', '', 0, 2, 'ענבל', '0507866602', ''),
(1566, 5, 'אברהם', '', '', 0, 2, 'ענבל', '0524490443', ''),
(1567, 5, 'יהודית', '', '', 0, 2, 'ענבל', '0508822973', ''),
(1568, 5, 'יוסי', '', '', 0, 2, 'ענבל', '0526080434', ''),
(1569, 5, 'חיים', '', '', 0, 2, 'ענבל', '0542031367', ''),
(1570, 5, 'ספיר', 'רביבו', '', 0, 2, 'ענבל', '0547993222', ''),
(1571, 5, 'ציון', '', '', 0, 1, 'ענבל', '0528089756', ''),
(1572, 5, 'סלעית', '', '', 0, 1, 'ענבל', '0526492152', ''),
(1573, 5, 'יפה', 'מלכה', '', 0, 2, 'ענבל', '0528978983', ''),
(1574, 5, 'סופי', '', '', 0, 2, 'ענבל', '0509032388', ''),
(1575, 5, 'יקיר', 'ונועה', '', 0, 2, 'ענבל', '0508376972', ''),
(1576, 5, 'אורטל', 'אוחנה', '', 0, 2, 'ענבל', '0577445825', ''),
(1577, 5, 'בת', 'תורג''''מן', '', 0, 1, 'אפק', '0527985752', ''),
(1578, 5, 'קובי', '', '', 0, 1, 'ענבל', '0504408007', ''),
(1579, 5, 'אחינועם', '', '', 0, 1, 'אפק', '0509919639', ''),
(1580, 5, 'ג''''קלין', '', '', 0, 2, 'ענבל', '0547043835', ''),
(1581, 5, 'שולה', '', '', 0, 1, 'ענבל', '0528060303', ''),
(1582, 5, 'דליה', '', '', 0, 2, 'ענבל', '0544887444', ''),
(1583, 5, 'שולמית', '', '', 0, 1, 'אפק', '0545311059', ''),
(1584, 5, 'חן', '', '', 0, 1, 'ענבל', '0523051022', ''),
(1585, 5, 'רויטל', '', '', 0, 1, 'ענבל', '0503062283', ''),
(1586, 5, 'נוי', '', '', 0, 1, 'ענבל', '0547280258', ''),
(1587, 5, 'זהבה', '', '', 0, 2, 'ענבל', '0507880309', ''),
(1588, 5, 'גלעד', 'אברג''''יל', '', 0, 2, 'ענבל', '0546450528', ''),
(1589, 5, 'זהבה', 'כהן', '', 0, 1, 'ענבל', '0577351993', ''),
(1590, 5, 'לילך', '', '', 0, 1, 'אפק', '0504411580', ''),
(1591, 5, 'עדנה', '', '', 0, 2, 'ענבל', '0542384104', ''),
(1592, 5, 'יהוד', '', '', 0, 1, 'ענבל', '0546101916', ''),
(1593, 5, 'אבי', '', '', 0, 2, 'אפק', '0505233163', ''),
(1594, 5, 'קובי', '', '', 0, 2, 'ענבל', '0572206596', ''),
(1595, 5, 'ענת', '', '', 0, 1, 'ענבל', '0527707128', ''),
(1596, 5, 'דפנה', '', '', 0, 2, 'ענבל', '0505728928', ''),
(1597, 5, 'אריאל', 'בוחבוט', '', 0, 1, 'ענבל', '0524643455', ''),
(1598, 5, 'אילן', '', '', 0, 2, 'ענבל', '0529259882', ''),
(1599, 5, 'מיכל', '', '', 0, 1, 'ענבל', '0508487982', ''),
(1600, 5, 'אוחנה', '', '', 0, 2, 'ענבל', '0546755141', ''),
(1601, 5, 'אסתר', 'נעים', '', 0, 1, 'אפק', '0546509493', ''),
(1602, 5, 'גלית', 'של', '', 0, 2, 'ענבל', '0525477741', ''),
(1603, 5, 'נאוה', 'אבידן', '', 0, 1, 'ענבל', '0525446731', ''),
(1604, 5, 'דודי', 'נעים', '', 0, 1, 'ענבל', '0522677907', ''),
(1605, 5, 'יגאל', 'פרץ', '', 0, 2, 'ענבל', '0524454816', ''),
(1606, 5, 'יגאל', '', '', 0, 2, 'ענבל', '0525847775', ''),
(1607, 5, 'דינה', 'עסור', '', 0, 1, 'אפק', '0502685080', ''),
(1608, 5, 'יובל', '', '', 0, 2, 'ענבל', '0506298889', ''),
(1609, 5, 'דנית', '', '', 0, 1, 'ענבל', '0523940530', ''),
(1610, 5, 'בלהה', 'ממן', '', 0, 1, 'ענבל', '0545778490', ''),
(1611, 5, 'קרולין', '', '', 0, 1, 'ענבל', '0507683019', ''),
(1612, 5, 'שלום', 'בוחבוט', '', 0, 4, 'ענבל', '0506205193', ''),
(1613, 5, 'שי', '', '', 0, 1, 'ענבל', '0523413074', ''),
(1614, 5, 'לוי', '', '', 0, 2, 'ענבל', '0504898445', ''),
(1615, 5, 'שירה', '', '', 0, 2, 'ענבל', '0528270784', ''),
(1616, 5, 'נתי', '', '', 0, 2, 'ענבל', '0502139998', ''),
(1617, 5, 'רועי', '', '', 0, 2, 'ענבל', '0546263444', ''),
(1618, 5, 'אבי', '', '', 0, 2, 'ענבל', '0502536869', ''),
(1619, 5, 'אסנת', '', '', 0, 1, 'ענבל', '0508160801', ''),
(1620, 5, 'ישראל', '', '', 0, 1, 'ענבל', '0538250320', ''),
(1621, 5, 'גבי', 'אברג''''יל', '', 0, 2, 'ענבל', '0505636104', ''),
(1622, 5, 'אליאנה', '', '', 0, 1, 'ענבל', '0508926262', ''),
(1623, 5, 'ניר', '', '', 0, 2, 'ענבל', '0506449555', ''),
(1624, 5, 'דוד', 'בוחבוט', '', 0, 1, 'ענבל', '0526176794', ''),
(1625, 5, 'זהבית', 'פרץ', '', 0, 2, 'ענבל', '0526526035', ''),
(1626, 5, 'עודד', '', '', 0, 2, 'ענבל', '0542828100', ''),
(1627, 5, 'וישניה', '', '', 0, 1, 'ענבל', '0547670838', ''),
(1628, 5, 'אריה', '', '', 0, 1, 'ענבל', '0522600027', ''),
(1629, 5, 'אבנר', '', '', 0, 2, 'ענבל', '0577438780', ''),
(1630, 5, 'סנדרוסי', '', '', 0, 2, 'ענבל', '0542828029', ''),
(1631, 5, 'ארנסט', '', '', 0, 1, 'ענבל', '0542828092', ''),
(1632, 5, 'טל', '', '', 0, 1, 'ענבל', '0526633414', ''),
(1633, 5, 'שמחה', '', '', 0, 2, 'ענבל', '0542828089', ''),
(1634, 5, 'אילן', '', '', 0, 2, 'ענבל', '0505775533', ''),
(1635, 5, 'אפרים', '', '', 0, 1, 'ענבל', '0542828086', ''),
(1636, 5, 'דני', '', '', 0, 1, 'ענבל', '0542828101', ''),
(1637, 5, 'שמעון', '', '', 0, 1, 'אפק', '0542828618', ''),
(1638, 5, 'רמי', '', '', 0, 1, 'ענבל', '0542828588', ''),
(1639, 5, 'שמואל', '', '', 0, 1, 'ענבל', '0542828109', ''),
(1640, 5, 'אבי', '', '', 0, 1, 'ענבל', '0542828556', ''),
(1641, 5, 'אורנה', '', '', 0, 2, 'ענבל', '0542828504', ''),
(1642, 5, 'שלמה', '', '', 0, 1, 'אפק', '0542828088', ''),
(1643, 5, 'יעקב', '', '', 0, 1, 'ענבל', '0542828525', ''),
(1644, 5, 'צופנת', '', '', 0, 1, 'ענבל', '0506578756', ''),
(1645, 5, 'נופר', '', '', 0, 2, 'ענבל', '0503338508', ''),
(1646, 5, 'תמי', '', '', 0, 2, 'ענבל', '0549393023', ''),
(1647, 5, 'לינוי', '', '', 0, 1, 'ענבל', '0543416141', ''),
(1648, 5, 'דגנית', '', '', 0, 1, 'ענבל', '0502444863', ''),
(1649, 5, 'רינת', '', '', 0, 1, 'ענבל', '0506404546', ''),
(1650, 5, 'יעלה', '', '', 0, 1, 'ענבל', '0587878729', ''),
(1651, 5, 'אורפז', '', '', 0, 2, 'ענבל', '0527809750', ''),
(1652, 5, 'ניב', '', '', 0, 1, 'ענבל', '0522766099', ''),
(1653, 5, 'מעיין', '', '', 0, 1, 'ענבל', '0527280440', ''),
(1654, 5, 'אנאל', '', '', 0, 1, 'אפק', '0525207858', ''),
(1655, 5, 'שמעון', '', '', 0, 2, 'ענבל', '0509080856', ''),
(1656, 5, 'שירן', '', '', 0, 1, 'ענבל', '0528429870', ''),
(1657, 5, 'ירון', '', '', 0, 1, 'אפק', '0549144552', ''),
(1658, 5, 'רויטל', '', '', 0, 2, 'אפק', '0549497990', ''),
(1659, 5, 'רחלי', '', '', 0, 1, 'אפק', '0546666251', ''),
(1660, 5, 'תמיר', '', '', 0, 1, 'אפק', '0525343404', ''),
(1661, 5, 'מוטי', '', '', 0, 2, 'אפק', '0505237243', ''),
(1662, 5, 'מאור', '', '', 0, 2, 'אפק', '0507818464', ''),
(1663, 5, 'שני', '', '', 0, 1, 'אפק', '0504420012', ''),
(1664, 5, 'גיא', '', '', 0, 2, 'אפק', '0504420011', ''),
(1665, 5, 'אילנה', '', '', 0, 3, 'אפק', '0528855444', ''),
(1666, 5, 'קובי', '', '', 0, 1, 'אפק', '0528665433', ''),
(1667, 5, 'יגאל', '', '', 0, 2, 'אפק', '0507432642', ''),
(1668, 5, 'רוחה', '', '', 2, 2, 'אפק', '0547556990', ''),
(1669, 5, 'סופי', '', '', 0, 2, 'אפק', '0545200812', ''),
(1670, 5, 'סימונה', '', '', 0, 5, 'אפק', '0508549785', ''),
(1671, 5, 'אילן', '', '', 0, 1, 'אפק', '0548184828', ''),
(1672, 5, 'שוש', '', '', 0, 1, 'אפק', '0502233778', ''),
(1673, 5, 'אדמוב', '', '', 0, 1, 'אפק', '0508312029', ''),
(1674, 5, 'סוניה', '', '', 0, 1, 'אפק', '0526130808', ''),
(1675, 5, 'יהודה', '', '', 0, 1, 'אפק', '0528606012', ''),
(1676, 5, 'לאה', '', '', 0, 2, 'אפק', '0506992465', ''),
(1677, 5, 'ציון', '', '', 0, 2, 'אפק', '0506831306', ''),
(1678, 5, 'מרים', '', '', 0, 2, 'אפק', '0526365604', ''),
(1679, 5, 'אנגלה', '', '', 0, 2, 'אפק', '0507990880', ''),
(1680, 5, 'אלכס', '', '', 0, 1, 'אפק', '0502550224', ''),
(1681, 5, 'איתי', '', '', 0, 2, 'אפק', '0508721216', ''),
(1682, 5, 'עליזה', '', '', 0, 2, 'אפק', '0543517899', ''),
(1683, 5, 'יאיר', '', '', 0, 2, 'אפק', '0506667272', ''),
(1684, 5, 'אושרי', '', '', 0, 2, 'אפק', '0504300427', ''),
(1685, 5, 'אילנית', '', '', 0, 2, 'אפק', '0542458033', ''),
(1686, 5, 'אילן', '', '', 0, 2, 'אפק', '0524285805', ''),
(1687, 5, 'שניר', '', '', 0, 2, 'אפק', '0542507721', ''),
(1688, 5, 'דינה', '', '', 0, 2, 'אפק', '0532869873', ''),
(1689, 5, 'רוחה', '', '', 0, 1, 'אפק', '0526469707', ''),
(1690, 5, 'אבי', '', '', 0, 1, 'אפק', '0526175113', ''),
(1691, 5, 'רונן', '', '', 0, 2, 'אפק', '0542888525', ''),
(1692, 5, 'יוסי', '', '', 0, 1, 'אפק', '0507890864', ''),
(1693, 5, 'אהובה', '', '', 0, 1, 'אפק', '0575786718', ''),
(1694, 5, 'אלי', '', '', 0, 1, 'אפק', '0547750494', ''),
(1695, 5, 'גלית', '', '', 0, 1, 'אפק', '0537220286', ''),
(1696, 5, 'נטלי', '', '', 0, 1, 'אפק', '0502666278', ''),
(1697, 5, 'יגאל', '', '', 0, 1, 'אפק', '0522883828', ''),
(1698, 5, 'סמדי', '', '', 0, 1, 'אפק', '0505795895', ''),
(1699, 5, 'רחל', '', '', 0, 1, 'אפק', '0527869687', ''),
(1700, 5, 'אליז', '', '', 0, 2, 'אפק', '0505716286', ''),
(1701, 5, 'בת חן', '', '', 0, 1, 'אפק', '0507904883', ''),
(1702, 5, 'מושיקו', '', '', 0, 1, 'אפק', '0508558777', ''),
(1703, 5, 'מרסל', '', '', 0, 2, 'אפק', '0506210828', ''),
(1704, 5, 'שרון', '', '', 0, 2, 'אפק', '0502471901', ''),
(1705, 5, 'ששון', '', '', 0, 2, 'אפק', '0574293330', ''),
(1706, 5, 'ליזט', '', '', 0, 2, 'אפק', '0577610075', ''),
(1707, 5, 'ענת', '', '', 0, 1, 'אפק', '0509887580', ''),
(1708, 5, 'לירון', '', '', 0, 2, 'אפק', '0509727765', ''),
(1709, 5, 'אופיר', '', '', 0, 2, 'אפק', '0526789330', ''),
(1710, 5, 'סטלה', '', '', 0, 2, 'אפק', '0548342922', ''),
(1711, 5, 'מירב', '', '', 0, 2, 'אפק', '0507996008', ''),
(1712, 5, 'לימור', '', '', 0, 2, 'אפק', '0573555558', ''),
(1713, 5, 'אתי', '', '', 0, 1, 'אפק', '0509298922', ''),
(1714, 5, 'נפתלי', '', '', 0, 2, 'אפק', '0504544947', ''),
(1715, 5, 'אהרון', '', '', 0, 2, 'אפק', '0547531555', ''),
(1716, 5, 'דיויד', '', '', 2, 2, 'אפק', '0528499198', ''),
(1717, 5, 'שלומי', '', '', 0, 1, 'אפק', '0509010962', ''),
(1718, 5, 'ג''''קו', '', '', 0, 2, 'אפק', '0575271952', ''),
(1719, 5, 'דיויד', '', '', 0, 2, 'אפק', '0523921492', ''),
(1720, 5, 'איתמר', '', '', 0, 1, 'אפק', '0542828600', ''),
(1721, 5, 'מושיק', '', '', 0, 1, 'אפק', '0542828111', ''),
(1722, 5, 'אריה', '', '', 0, 1, 'אפק', '0542828103', ''),
(1723, 5, 'ניר', '', '', 0, 1, 'אפק', '0542828116', ''),
(1724, 5, 'סיני', '', '', 0, 1, 'אפק', '0504404211', ''),
(1725, 5, 'יעקב', '', '', 0, 1, 'אפק', '0506660784', ''),
(1726, 5, 'דיויד', '', '', 0, 2, 'אפק', '0524467302', ''),
(1727, 5, 'חיים', '', '', 0, 2, 'אפק', '0508740074', ''),
(1728, 5, 'פנחס', '', '', 0, 6, 'אפק', '0544339017', ''),
(1729, 5, 'צחי', '', '', 0, 1, 'אפק', '0508858736', ''),
(1730, 5, 'רוני', '', '', 0, 2, 'אפק', '0547889171', ''),
(1731, 5, 'מוטי', '', '', 0, 2, 'אפק', '0528467695', ''),
(1732, 5, 'אתי', '', '', 0, 1, 'אפק', '0523215795', ''),
(1733, 5, 'אושרי', '', '', 0, 1, 'אפק', '0547596611', ''),
(1734, 5, 'נתי', '', '', 0, 2, 'אפק', '0509960620', ''),
(1735, 5, 'מור', '', '', 0, 2, 'אפק', '0507800417', ''),
(1736, 5, 'פרח', '', '', 0, 3, 'אפק', '0523443466', ''),
(1737, 5, 'אהובה', '', '', 0, 1, 'אפק', '0504888854', ''),
(1738, 5, 'נוי', '', '', 0, 1, 'אפק', '0505779616', ''),
(1739, 5, 'לינוי', '', '', 0, 1, 'אפק', '0542608535', ''),
(1740, 5, 'ספיר', '', '', 0, 2, 'אפק', '0504000752', ''),
(1741, 5, 'חן', '', '', 0, 1, 'אפק', '0524469699', ''),
(1742, 5, 'סוזן', '', '', 0, 1, 'אפק', '0545418036', ''),
(1743, 5, 'שני', '', '', 0, 1, 'אפק', '0508321551', ''),
(1744, 5, 'שושנה', '', '', 0, 1, 'אפק', '0524714882', ''),
(1745, 5, 'יניב', '', '', 0, 2, 'אפק', '0505712100', ''),
(1746, 5, 'יואל', '', '', 0, 2, 'אפק', '0502013401', ''),
(1747, 5, 'מור', '', '', 0, 2, 'אפק', '0547437486', ''),
(1748, 5, 'אוריין', '', '', 0, 2, 'אפק', '0547717568', ''),
(1749, 5, 'נחום', '', '', 0, 1, 'אפק', '0545415162', ''),
(1750, 5, 'צוקית', '', '', 0, 4, 'אפק', '0522407232', '');

-- --------------------------------------------------------

--
-- Table structure for table `tbl_objects`
--

CREATE TABLE IF NOT EXISTS `tbl_objects` (
  `id` int(11) NOT NULL AUTO_INCREMENT,
  `project_id` int(11) NOT NULL,
  `object_inner_svg` varchar(250) NOT NULL,
  `object_image` varchar(250) NOT NULL,
  `floor_width` int(11) NOT NULL COMMENT 'in meter',
  `floor_height` int(11) NOT NULL COMMENT 'in meter',
  `floor_bg` varchar(250) NOT NULL,
  `table_color` varchar(250) NOT NULL,
  `chair_color` varchar(250) NOT NULL,
  PRIMARY KEY (`id`)
) ENGINE=InnoDB  DEFAULT CHARSET=utf8 AUTO_INCREMENT=37 ;

--
-- Dumping data for table `tbl_objects`
--

INSERT INTO `tbl_objects` (`id`, `project_id`, `object_inner_svg`, `object_image`, `floor_width`, `floor_height`, `floor_bg`, `table_color`, `chair_color`) VALUES
(3, 4, '', 'PLAN_4_20141210132523.svg', 20, 15, '#F5F5F5', '#E9D2B6', '#B0B1B3'),
(4, 5, '', 'PLAN_5_20141210132708.svg', 20, 15, '#F5F5F5', '#E9D2B6', '#B0B1B3'),
(5, 6, '', 'PLAN_6_20141210132730.svg', 20, 15, '#F5F5F5', '#E9D2B6', '#B0B1B3'),
(7, 9, '', 'PLAN_9_20141210132749.svg', 20, 15, '#F5F5F5', '#E9D2B6', '#B0B1B3'),
(8, 11, '', 'PLAN_11_20141210132810.svg', 15, 10, '#F5F5F5', '#E9D2B6', '#B0B1B3'),
(13, 18, '', 'PLAN_18_20141210132836.svg', 20, 15, '#F5F5F5', '#E9D2B6', '#B0B1B3'),
(15, 22, '', 'PLAN_22_20141210132900.svg', 15, 10, '#F5F5F5', '#E9D2B6', '#B0B1B3'),
(16, 24, '', 'PLAN_24_20141210133200.svg', 25, 30, '#F5F5F5', '#E9D2B6', '#B0B1B3'),
(17, 25, '', 'PLAN_25_20141210133413.svg', 10, 8, '#F2F2F2', '#E9D2B6', '#B0B1B3'),
(18, 26, '', 'PLAN_26_20141210133449.svg', 25, 30, '#F5F5F5', '#E9D2B6', '#B0B1B3'),
(19, 27, '', 'PLAN_27_20141210133514.svg', 15, 10, '#F5F5F5', '#E9D2B6', '#B0B1B3'),
(20, 28, '', 'PLAN_28_20141210133543.svg', 15, 10, '#F5F5F5', '#E9D2B6', '#B0B1B3'),
(21, 29, '', 'PLAN_29_20141210144559.svg', 15, 10, '#F5F5F5', '#a5a5a5', '#B0B1B3'),
(22, 30, '', 'PLAN_30_20141216063322.svg', 15, 10, '#ffffff', '#a5a5a5', '#B0B1B3'),
(23, 31, '', 'PLAN_31_20150116011826.svg', 15, 10, '#F5F5F5', '#548dd4', '#B0B1B3'),
(25, 33, '', 'PLAN_33_20141229202045.svg', 15, 10, '#F5F5F5', '#a5a5a5', '#B0B1B3'),
(26, 34, '', 'PLAN_34_20150101193641.svg', 30, 16, '#F5F5F5', '#548dd4', '#B0B1B3'),
(27, 35, '', 'PLAN_35_20150106153858.svg', 30, 23, '#F2F2F2', '#95b3d7', '#B0B1B3'),
(28, 36, '', 'PLAN_36_20150113163636.svg', 25, 25, '#1f497d', '#ff0000', '#B0B1B3'),
(29, 37, '', 'PLAN_37_20150113232529.svg', 25, 25, '#1f497d', '#c3d69b', '#B0B1B3'),
(30, 38, '', 'PLAN_38_20150114140249.svg', 20, 16, '#000000', '#D4CCBD', '#B0B1B3'),
(31, 40, '', 'PLAN_40_20150114154201.svg', 21, 28, '#ffffff', '#D4CCBD', '#B0B1B3'),
(32, 42, '', 'PLAN_42_20150118175354.svg', 20, 20, '#ccc1d9', '#D4CCBD', '#B0B1B3'),
(33, 43, '', 'PLAN_43_20150119001634.svg', 30, 30, '#F5F5F5', '#548dd4', '#B0B1B3'),
(34, 44, '', 'PLAN_44_20150121104950.svg', 25, 25, '#c0504d', '#4f81bd', '#B0B1B3'),
(35, 45, '', 'PLAN_45_20150121121804.svg', 20, 15, '#eeece1', '#c0504d', '#B0B1B3'),
(36, 46, '', 'PLAN_46_20150121181253.svg', 20, 20, '#ffffff', '#c4bd97', '#B0B1B3');

-- --------------------------------------------------------

--
-- Table structure for table `tbl_planner_user`
--

CREATE TABLE IF NOT EXISTS `tbl_planner_user` (
  `UID` int(11) NOT NULL AUTO_INCREMENT,
  `full_name` varchar(250) CHARACTER SET utf8 NOT NULL,
  `Username` varchar(250) CHARACTER SET utf8 NOT NULL,
  `mobile` varchar(250) CHARACTER SET utf8 NOT NULL,
  `Password` varchar(250) CHARACTER SET utf8 NOT NULL,
  `email` varchar(250) CHARACTER SET utf8 NOT NULL,
  `hall_name` varchar(250) CHARACTER SET utf8 NOT NULL,
  `date_event` date NOT NULL,
  `event` varchar(250) CHARACTER SET utf8 NOT NULL,
  `project_assigned` int(11) NOT NULL,
  PRIMARY KEY (`UID`)
) ENGINE=InnoDB  DEFAULT CHARSET=latin1 AUTO_INCREMENT=5 ;

--
-- Dumping data for table `tbl_planner_user`
--

INSERT INTO `tbl_planner_user` (`UID`, `full_name`, `Username`, `mobile`, `Password`, `email`, `hall_name`, `date_event`, `event`, `project_assigned`) VALUES
(1, 'אושרי', 'oshri1', '0556687249', 'oshri123', 'oshri@eruit.co.il', 'Test Hall', '0000-00-00', 'חתונה', 31),
(2, 'אושרי', 'oshri', '0556687249', 'oshri', 'oshri@eruit.co.il', '', '0000-00-00', 'חתונה', 38),
(3, 'adasd', 'tester', 'adfsasf', 'tester', 'test@ccc.com', '', '0000-00-00', 'asd', 31),
(4, 'אמלי ואבי', 'amelie', '0504329200', '12345TREWQ', 'amelie979@gmail.com', '', '2015-10-13', 'חתונה', 46);

-- --------------------------------------------------------

--
-- Table structure for table `tbl_projects`
--

CREATE TABLE IF NOT EXISTS `tbl_projects` (
  `id` int(11) NOT NULL AUTO_INCREMENT,
  `user_id` int(11) NOT NULL,
  `title` varchar(250) NOT NULL,
  `description` text NOT NULL,
  `creation_date` timestamp NOT NULL DEFAULT CURRENT_TIMESTAMP,
  `last_modified` timestamp NOT NULL DEFAULT '0000-00-00 00:00:00',
  PRIMARY KEY (`id`)
) ENGINE=InnoDB  DEFAULT CHARSET=utf8 AUTO_INCREMENT=47 ;

--
-- Dumping data for table `tbl_projects`
--

INSERT INTO `tbl_projects` (`id`, `user_id`, `title`, `description`, `creation_date`, `last_modified`) VALUES
(4, 82, 'October 15 10:23', 'test project', '2014-10-12 04:53:49', '2014-12-09 06:55:26'),
(5, 82, 'October 15 10:25', 'test project', '2014-10-12 04:56:00', '2014-12-09 06:57:11'),
(6, 82, 'October 17 2014', 'test project', '2014-10-14 13:15:10', '2014-12-09 06:57:33'),
(9, 82, 'Octo 20 2014 2', 'test', '2014-10-17 07:48:24', '2014-12-09 06:57:53'),
(11, 82, 'TESTTS', 'dasdasd', '2014-10-17 14:18:19', '2014-12-09 06:58:14'),
(18, 82, 'this is a test prj', 'dskdasvffs b', '2014-10-25 01:54:15', '2014-12-09 06:58:39'),
(19, 82, 'dsfds', 'asd', '2014-10-25 02:42:11', '0000-00-00 00:00:00'),
(20, 82, 'dsfds', 'asd', '2014-10-25 02:42:24', '0000-00-00 00:00:00'),
(22, 82, 'test prohject wqernwrgf', 'rdsfghdghf', '2014-11-09 13:08:33', '2014-12-09 06:59:03'),
(23, 82, 'test nov 21', 'sadfghj', '2014-11-19 11:18:41', '0000-00-00 00:00:00'),
(24, 82, 'test nov 21', 'fghjger', '2014-11-19 11:19:29', '2014-12-09 07:02:03'),
(25, 82, 'Test proj nov 28', '', '2014-11-26 18:08:35', '2014-12-09 07:04:16'),
(26, 82, 'test dec 01', 'safgh', '2014-11-30 03:47:20', '2014-12-09 07:04:52'),
(27, 82, 'test project dec 1 2', 'asfg', '2014-11-30 06:16:40', '2014-12-09 07:05:17'),
(28, 82, 'test project dec 02 - 1', 'fsgetr5yg', '2014-11-30 20:55:59', '2014-12-09 07:05:46'),
(29, 82, 'Dec 05 -01', 'test project', '2014-12-04 02:36:35', '2014-12-09 08:03:32'),
(30, 82, 'Dec 16 2014', '', '2014-12-15 05:33:21', '0000-00-00 00:00:00'),
(31, 82, 'mm1', '', '2014-12-27 17:16:56', '2015-01-15 23:18:27'),
(33, 82, 'mm2', '', '2014-12-29 18:19:58', '2014-12-29 18:20:46'),
(34, 82, 'meir1', '', '2015-01-01 17:34:57', '2015-01-01 17:36:42'),
(35, 83, 'ניסיון עם מאיר', '', '2015-01-06 13:33:32', '2015-01-06 13:38:59'),
(36, 129, 'ברית', 'אולם ויטראז'''' 1', '2015-01-13 14:36:35', '0000-00-00 00:00:00'),
(37, 129, 'חתונה בהפרדה', 'כל האולמות', '2015-01-13 15:00:15', '2015-01-13 21:25:30'),
(38, 82, 'אושרי', 'נסיון', '2015-01-13 15:07:20', '2015-01-14 12:02:50'),
(39, 129, 'TEST', '', '2015-01-13 21:12:27', '0000-00-00 00:00:00'),
(40, 82, 'אגדתא', '', '2015-01-14 13:41:40', '2015-01-14 13:42:01'),
(41, 82, 'אילנד', '', '2015-01-15 13:37:03', '0000-00-00 00:00:00'),
(42, 82, 'פורמט', '', '2015-01-18 15:53:48', '2015-01-18 15:53:55'),
(43, 82, 'test size', '', '2015-01-18 22:11:17', '2015-01-18 22:16:34'),
(44, 133, 'איריס', 'סקיצה לדוגמא', '2015-01-21 08:49:07', '2015-01-21 08:49:51'),
(45, 134, 'שירה', '', '2015-01-21 10:12:29', '2015-01-21 10:18:04'),
(46, 82, 'הדגמה - אמלי', '', '2015-01-21 16:04:56', '2015-01-21 16:12:54');

-- --------------------------------------------------------

--
-- Table structure for table `users`
--

CREATE TABLE IF NOT EXISTS `users` (
  `UserId` int(11) NOT NULL AUTO_INCREMENT,
  `Username` varchar(250) COLLATE latin1_general_ci NOT NULL,
  `MONUMBER` varchar(20) COLLATE latin1_general_ci NOT NULL,
  `Name` varchar(250) COLLATE latin1_general_ci NOT NULL,
  `email` varchar(250) COLLATE latin1_general_ci NOT NULL,
  `Password` varchar(250) COLLATE latin1_general_ci NOT NULL,
  `SystemType` int(11) NOT NULL,
  `ConnStr` varchar(250) COLLATE latin1_general_ci NOT NULL,
  `date_registered` date NOT NULL,
  `date_expired` date NOT NULL,
  `max_projects` int(11) NOT NULL DEFAULT '5',
  `firm_name` text COLLATE latin1_general_ci NOT NULL,
  `logo` varchar(255) COLLATE latin1_general_ci NOT NULL,
  `bg_picture` varchar(255) COLLATE latin1_general_ci NOT NULL,
  `is_active` enum('1','0') COLLATE latin1_general_ci NOT NULL,
  PRIMARY KEY (`UserId`)
) ENGINE=MyISAM  DEFAULT CHARSET=latin1 COLLATE=latin1_general_ci AUTO_INCREMENT=102 ;

--
-- Dumping data for table `users`
--

INSERT INTO `users` (`UserId`, `Username`, `MONUMBER`, `Name`, `email`, `Password`, `SystemType`, `ConnStr`, `date_registered`, `date_expired`, `max_projects`, `firm_name`, `logo`, `bg_picture`, `is_active`) VALUES
(82, 'admin', '097683919', '', '', 'admin', 0, 'Data Source=80.179.19.15;Initial Catalog=View2; User Id=sa; Password=sqldba; Trusted_Connection=False;', '2014-09-01', '2016-01-21', 10, '?.?.?. ??????', '', '', '1');